Workbook

Sheet Category Discounts
A1: This worksheet provides a description of the (3) Track 1 Categories (Commercial Hardware, Software, and Support), a description on application of discounts, and the Offeror’s proposed discounts. Offerors are instructed to provide their inputs ONLY in the yellow highlighted cells, Column D. The Offeror’s proposed discounts will be automatically applied to the corresponding Use Case Scenario Tabs. The discounts found in Columns D are minimum discounts that shall be applied at the Task Order level. Offerors are encouraged to offer additional discounts at the Task Order level.
A2: Item/Service Category | B2: Discount Application | C2: Proposed Minimum Discount for the Base and All Optional Ordering Periods
A4: CLIN X001 Hardware | B4: Minimum Discount applied to Commercial MSRP; further discounts may be provided at Order level
A5: CLIN X002 Software/Licensing | B5: Minimum Discount applied to Commercial MSRP; further discounts may be provided at Order level
A6: CLIN X003: Support | B6: Minimum Discount applied to Commercial MSRP; further discounts may be provided at Order level

Sheet Use Case Scenario #1
A1: Attachment J-1 - Track 1 Pricing Schedule for Hardware/ Software & Ancillary Services
A2: Use Case # 1: Fixed Location, Scenario for Persistent Drone Coverage System
A3: Contract Line Items | B3: Proposed Item Name & Brand | C3: Proposed Item Number | D3: Federal Contract Unit Price (only if applicable) | E3: Commercial Unit Price | F3: Proposed Discount off Commercial Price (%) | G3: Proposed Discounted Unit Price | H3: Discount Off Federal Contract Price (%) | I3: Proposed Quantity | J3: Extended Price | K3: Price Narrative citations (e.g. page numbers, paragraph numbers, sections)
A4: Example | B4: XYZ Buster | C4: 3587761KDS | D4: 230000 | E4: 240000 | F4: 0.15 | G4: =SUM(1-F4)*E4 -> 204000 | H4: =SUM(D4-G4)/D4 -> 0.11304348 | I4: 5 | J4: =G4*I4 -> 1020000 | K4: Federal Contract Page 15
A5: CLIN X001 Hardware
A6: SLIN X001AA: Persistent Counter Drone System (including all required hardware components such as drones, sensors, and communication devices) | E6: 0 | F6: ='Category Discounts'!$C4 -> 0 | G6: =SUM(1-F6)*E6 -> 0 | H6: =SUM(D6-G6)/D6 -> #DIV/0! | J6: =G6*I6 -> 0
E7: 0 | F7: ='Category Discounts'!$C5 -> 0 | G7: =SUM(1-F7)*E7 -> 0 | H7: =SUM(D7-G7)/D7 -> #DIV/0! | J7: =G7*I7 -> 0
A8: SLIN X001AB: System Upgrades and End-of-Life Costs (Includes costs for hardware upgrades, decommissioning, and replacement of outdated components.) | E8: 0 | F8: ='Category Discounts'!$C6 -> 0 | G8: =SUM(1-F8)*E8 -> 0 | H8: =SUM(D8-G8)/D8 -> #DIV/0! | J8: =G8*I8 -> 0
E9: 0 | F9: ='Category Discounts'!$C7 -> 0 | G9: =SUM(1-F9)*E9 -> 0 | H9: =SUM(D9-G9)/D9 -> #DIV/0! | J9: =G9*I9 -> 0
A10: SLIN X001AC: Backup Data Transfer Mechanism (Includes hardware components for redundancy to ensure operational continuity.) | E10: 0 | F10: ='Category Discounts'!$C8 -> 0 | G10: =SUM(1-F10)*E10 -> 0 | H10: =SUM(D10-G10)/D10 -> #DIV/0! | J10: =G10*I10 -> 0
E11: 0 | F11: ='Category Discounts'!$C9 -> 0 | G11: =SUM(1-F11)*E11 -> 0 | H11: =SUM(D11-G11)/D11 -> #DIV/0! | J11: =G11*I11 -> 0
A12: SLIN X001AD: Accessories (Includes batteries, chargers, spare parts, and other ancillary hardware required for system operation.) | E12: 0 | F12: ='Category Discounts'!$C10 -> 0 | G12: =SUM(1-F12)*E12 -> 0 | H12: =SUM(D12-G12)/D12 -> #DIV/0! | J12: =G12*I12 -> 0
E13: 0 | F13: ='Category Discounts'!$C11 -> 0 | G13: =SUM(1-F13)*E13 -> 0 | H13: =SUM(D13-G13)/D13 -> #DIV/0! | J13: =G13*I13 -> 0
A15: CLIN X002 Software/Licensing
A16: SLIN X002AA: Operating Software (Includes user interface functionality, real-time data processing capabilities, and licensing fees for the counter drone system.) | E16: 0 | F16: ='Category Discounts'!$C5 -> 0 | G16: =SUM(1-F16)*E16 -> 0 | H16: =SUM(D16-G16)/D16 -> #DIV/0! | J16: =G16*I16 -> 0
E17: 0 | F17: ='Category Discounts'!$C6 -> 0 | G17: =SUM(1-F17)*E17 -> 0 | H17: =SUM(D17-G17)/D17 -> #DIV/0! | J17: =G17*I17 -> 0
A18: SLIN X002AB: Software Updates and Threat Library Updates (Includes testing, validation, and deployment of updates to ensure system functionality and interoperability.) | E18: 0 | F18: ='Category Discounts'!$C7 -> 0 | G18: =SUM(1-F18)*E18 -> 0 | H18: =SUM(D18-G18)/D18 -> #DIV/0! | J18: =G18*I18 -> 0
E19: 0 | F19: ='Category Discounts'!$C8 -> 0 | G19: =SUM(1-F19)*E19 -> 0 | H19: =SUM(D19-G19)/D19 -> #DIV/0! | J19: =G19*I19 -> 0
A20: SLIN X002AC: Licensing Flexibility and Renewal Costs (Includes recurring licensing fees and provisions for flexibility in licensing agreements.) | E20: 0 | F20: ='Category Discounts'!$C9 -> 0 | G20: =SUM(1-F20)*E20 -> 0 | H20: =SUM(D20-G20)/D20 -> #DIV/0! | J20: =G20*I20 -> 0
E21: 0 | F21: ='Category Discounts'!$C10 -> 0 | G21: =SUM(1-F21)*E21 -> 0 | H21: =SUM(D21-G21)/D21 -> #DIV/0! | J21: =G21*I21 -> 0
A23: CLIN X003: Support
A24: SLIN X003AA: Year 1 Maintenance for Hardware (Includes routine checks, troubleshooting, repairs, and operational support for hardware components.) | E24: 0 | F24: =SUM('Category Discounts'!$C6) -> 0 | G24: =SUM(1-F24)*E24 -> 0 | H24: =SUM(D24-G24)/D24 -> #DIV/0! | J24: =G24*I24 -> 0
E25: 0 | F25: =SUM('Category Discounts'!$C7) -> 0 | G25: =SUM(1-F25)*E25 -> 0 | H25: =SUM(D25-G25)/D25 -> #DIV/0! | J25: =G25*I25 -> 0
A26: SLIN X003AB: Year 1 Maintenance for Software (Includes updates, patches, troubleshooting, and operational support for software components.) | E26: 0 | F26: =SUM('Category Discounts'!$C8) -> 0 | G26: =SUM(1-F26)*E26 -> 0 | H26: =SUM(D26-G26)/D26 -> #DIV/0! | J26: =G26*I26 -> 0
E27: 0 | F27: =SUM('Category Discounts'!$C9) -> 0 | G27: =SUM(1-F27)*E27 -> 0 | H27: =SUM(D27-G27)/D27 -> #DIV/0! | J27: =G27*I27 -> 0
A28: SLIN X003AC: On-Call Operational Support (Includes technical assistance during deployment and operation.) | E28: 0 | F28: =SUM('Category Discounts'!$C10) -> 0 | G28: =SUM(1-F28)*E28 -> 0 | H28: =SUM(D28-G28)/D28 -> #DIV/0! | J28: =G28*I28 -> 0
E29: 0 | F29: =SUM('Category Discounts'!$C11) -> 0 | G29: =SUM(1-F29)*E29 -> 0 | H29: =SUM(D29-G29)/D29 -> #DIV/0! | J29: =G29*I29 -> 0
A30: SLIN X003AD: Initial Training Session (Includes training for Government personnel within 5 days of hardware delivery to ensure rapid operational readiness.) | E30: 0 | F30: =SUM('Category Discounts'!$C12) -> 0 | G30: =SUM(1-F30)*E30 -> 0 | H30: =SUM(D30-G30)/D30 -> #DIV/0! | J30: =G30*I30 -> 0
E31: 0 | F31: =SUM('Category Discounts'!$C13) -> 0 | G31: =SUM(1-F31)*E31 -> 0 | H31: =SUM(D31-G31)/D31 -> #DIV/0! | J31: =G31*I31 -> 0
A32: SLIN X003AE: Follow-Up Training Session (Includes training for Government personnel 6 months after the initial session to reinforce knowledge and address operational challenges.) | E32: 0 | F32: =SUM('Category Discounts'!$C14) -> 0 | G32: =SUM(1-F32)*E32 -> 0 | H32: =SUM(D32-G32)/D32 -> #DIV/0! | J32: =G32*I32 -> 0
E33: 0 | F33: =SUM('Category Discounts'!$C15) -> 0 | G33: =SUM(1-F33)*E33 -> 0 | H33: =SUM(D33-G33)/D33 -> #DIV/0! | J33: =G33*I33 -> 0
A34: SLIN X003AF: Installation Services (Includes site survey, installation of hardware or software, and system testing/validation to ensure proper setup and integration with existing infrastructure.) | E34: 0 | F34: =SUM('Category Discounts'!$C16) -> 0 | G34: =SUM(1-F34)*E34 -> 0 | H34: =SUM(D34-G34)/D34 -> #DIV/0! | J34: =G34*I34 -> 0

Sheet Use Case Scenario #2
A1: Attachment J-1 - Track 1 Pricing Schedule for Hardware/ Software & Ancillary Services
A2: Use Case # 2: Mobile Response for Rapidly Deployed Drone Coverage System for NSSE or SEAR
A3: Contract Line Items | B3: Proposed Item Name & Brand | C3: Proposed Item Number | D3: Federal Contract Unit Price (only if applicable) | E3: Commercial Unit Price | F3: Proposed Discount off Commercial Price (%) | G3: Proposed Discounted Unit Price | H3: Discount Off Federal Contract Price (%) | I3: Proposed Quantity | J3: Extended Price | K3: Price Narrative citations (e.g. page numbers, paragraph numbers, sections)
A4: Example | B4: XYZ Buster | C4: 3587761KDS | D4: 230000 | E4: 240000 | F4: 0.15 | G4: =SUM(1-F4)*E4 -> 204000 | H4: =SUM(D4-G4)/D4 -> 0.11304348 | I4: 5 | J4: =G4*I4 -> 1020000 | K4: Federal Contract Page 15
A5: CLIN X001 Hardware
A6: SLIN X001AA: Persistent Counter Drone System (including all required hardware components such as drones, sensors, and communication devices) | E6: 0 | F6: ='Category Discounts'!$C4 -> 0 | G6: =SUM(1-F6)*E6 -> 0 | H6: =SUM(D6-G6)/D6 -> #DIV/0! | J6: =G6*I6 -> 0
E7: 0 | F7: ='Category Discounts'!$C5 -> 0 | G7: =SUM(1-F7)*E7 -> 0 | H7: =SUM(D7-G7)/D7 -> #DIV/0! | J7: =G7*I7 -> 0
A8: SLIN X001AB: System Upgrades and End-of-Life Costs (Includes costs for hardware upgrades, decommissioning, and replacement of outdated components.) | E8: 0 | F8: ='Category Discounts'!$C6 -> 0 | G8: =SUM(1-F8)*E8 -> 0 | H8: =SUM(D8-G8)/D8 -> #DIV/0! | J8: =G8*I8 -> 0
E9: 0 | F9: ='Category Discounts'!$C7 -> 0 | G9: =SUM(1-F9)*E9 -> 0 | H9: =SUM(D9-G9)/D9 -> #DIV/0! | J9: =G9*I9 -> 0
A10: SLIN X001AC: Backup Data Transfer Mechanism (Includes hardware components for redundancy to ensure operational continuity.) | E10: 0 | F10: ='Category Discounts'!$C8 -> 0 | G10: =SUM(1-F10)*E10 -> 0 | H10: =SUM(D10-G10)/D10 -> #DIV/0! | J10: =G10*I10 -> 0
E11: 0 | F11: ='Category Discounts'!$C9 -> 0 | G11: =SUM(1-F11)*E11 -> 0 | H11: =SUM(D11-G11)/D11 -> #DIV/0! | J11: =G11*I11 -> 0
A12: SLIN X001AD: Accessories (Includes batteries, chargers, spare parts, and other ancillary hardware required for system operation.) | E12: 0 | F12: ='Category Discounts'!$C10 -> 0 | G12: =SUM(1-F12)*E12 -> 0 | H12: =SUM(D12-G12)/D12 -> #DIV/0! | J12: =G12*I12 -> 0
E13: 0 | F13: ='Category Discounts'!$C11 -> 0 | G13: =SUM(1-F13)*E13 -> 0 | H13: =SUM(D13-G13)/D13 -> #DIV/0! | J13: =G13*I13 -> 0
A15: CLIN X002 Software/Licensing
A16: SLIN X002AA: Operating Software (Includes user interface functionality, real-time data processing capabilities, and licensing fees for the counter drone system.) | E16: 0 | F16: ='Category Discounts'!$C5 -> 0 | G16: =SUM(1-F16)*E16 -> 0 | H16: =SUM(D16-G16)/D16 -> #DIV/0! | J16: =G16*I16 -> 0
E17: 0 | F17: ='Category Discounts'!$C6 -> 0 | G17: =SUM(1-F17)*E17 -> 0 | H17: =SUM(D17-G17)/D17 -> #DIV/0! | J17: =G17*I17 -> 0
A18: SLIN X002AB: Software Updates and Threat Library Updates (Includes testing, validation, and deployment of updates to ensure system functionality and interoperability.) | E18: 0 | F18: ='Category Discounts'!$C7 -> 0 | G18: =SUM(1-F18)*E18 -> 0 | H18: =SUM(D18-G18)/D18 -> #DIV/0! | J18: =G18*I18 -> 0
E19: 0 | F19: ='Category Discounts'!$C8 -> 0 | G19: =SUM(1-F19)*E19 -> 0 | H19: =SUM(D19-G19)/D19 -> #DIV/0! | J19: =G19*I19 -> 0
A20: SLIN X002AC: Licensing Flexibility and Renewal Costs (Includes recurring licensing fees and provisions for flexibility in licensing agreements.) | E20: 0 | F20: ='Category Discounts'!$C9 -> 0 | G20: =SUM(1-F20)*E20 -> 0 | H20: =SUM(D20-G20)/D20 -> #DIV/0! | J20: =G20*I20 -> 0
E21: 0 | F21: ='Category Discounts'!$C10 -> 0 | G21: =SUM(1-F21)*E21 -> 0 | H21: =SUM(D21-G21)/D21 -> #DIV/0! | J21: =G21*I21 -> 0
A23: CLIN X003: Support
A24: SLIN X003AA: Year 1 Maintenance for Hardware (Includes routine checks, troubleshooting, repairs, and operational support for hardware components.) | E24: 0 | F24: =SUM('Category Discounts'!$C6) -> 0 | G24: =SUM(1-F24)*E24 -> 0 | H24: =SUM(D24-G24)/D24 -> #DIV/0! | J24: =G24*I24 -> 0
E25: 0 | F25: =SUM('Category Discounts'!$C7) -> 0 | G25: =SUM(1-F25)*E25 -> 0 | H25: =SUM(D25-G25)/D25 -> #DIV/0! | J25: =G25*I25 -> 0
A26: SLIN X003AB: Year 1 Maintenance for Software (Includes updates, patches, troubleshooting, and operational support for software components.) | E26: 0 | F26: =SUM('Category Discounts'!$C8) -> 0 | G26: =SUM(1-F26)*E26 -> 0 | H26: =SUM(D26-G26)/D26 -> #DIV/0! | J26: =G26*I26 -> 0
E27: 0 | F27: =SUM('Category Discounts'!$C9) -> 0 | G27: =SUM(1-F27)*E27 -> 0 | H27: =SUM(D27-G27)/D27 -> #DIV/0! | J27: =G27*I27 -> 0
A28: SLIN X003AC: On-Call Operational Support (Includes technical assistance during deployment and operation.) | E28: 0 | F28: =SUM('Category Discounts'!$C10) -> 0 | G28: =SUM(1-F28)*E28 -> 0 | H28: =SUM(D28-G28)/D28 -> #DIV/0! | J28: =G28*I28 -> 0
E29: 0 | F29: =SUM('Category Discounts'!$C11) -> 0 | G29: =SUM(1-F29)*E29 -> 0 | H29: =SUM(D29-G29)/D29 -> #DIV/0! | J29: =G29*I29 -> 0
A30: SLIN X003AD: Initial Training Session (Includes training for Government personnel within 5 days of hardware delivery to ensure rapid operational readiness.) | E30: 0 | F30: =SUM('Category Discounts'!$C12) -> 0 | G30: =SUM(1-F30)*E30 -> 0 | H30: =SUM(D30-G30)/D30 -> #DIV/0! | J30: =G30*I30 -> 0
E31: 0 | F31: =SUM('Category Discounts'!$C13) -> 0 | G31: =SUM(1-F31)*E31 -> 0 | H31: =SUM(D31-G31)/D31 -> #DIV/0! | J31: =G31*I31 -> 0
A32: SLIN X003AE: Follow-Up Training Session (Includes training for Government personnel 6 months after the initial session to reinforce knowledge and address operational challenges.) | E32: 0 | F32: =SUM('Category Discounts'!$C14) -> 0 | G32: =SUM(1-F32)*E32 -> 0 | H32: =SUM(D32-G32)/D32 -> #DIV/0! | J32: =G32*I32 -> 0
E33: 0 | F33: =SUM('Category Discounts'!$C15) -> 0 | G33: =SUM(1-F33)*E33 -> 0 | H33: =SUM(D33-G33)/D33 -> #DIV/0! | J33: =G33*I33 -> 0
A34: SLIN X003AF: Installation Services (Includes site survey, installation of hardware or software, and system testing/validation to ensure proper setup and integration with existing infrastructure.) | E34: 0 | F34: =SUM('Category Discounts'!$C16) -> 0 | G34: =SUM(1-F34)*E34 -> 0 | H34: =SUM(D34-G34)/D34 -> #DIV/0! | J34: =G34*I34 -> 0

Sheet Use Case Scenario #3
A1: Attachment J-1 - Track 1 Pricing Schedule for Hardware/ Software & Ancillary Services
A2: Use Case # 3: Mobile Response in Maritime Environment for Naval-Borne Persistent Drone Coverage System
A3: Contract Line Items | B3: Proposed Item Name & Brand | C3: Proposed Item Number | D3: Federal Contract Unit Price (only if applicable) | E3: Commercial Unit Price | F3: Proposed Discount off Commercial Price (%) | G3: Proposed Discounted Unit Price | H3: Discount Off Federal Contract Price (%) | I3: Proposed Quantity | J3: Extended Price | K3: Price Narrative citations (e.g. page numbers, paragraph numbers, sections)
A4: Example | B4: XYZ Buster | C4: 3587761KDS | D4: 230000 | E4: 240000 | F4: 0.15 | G4: =SUM(1-F4)*E4 -> 204000 | H4: =SUM(D4-G4)/D4 -> 0.11304348 | I4: 5 | J4: =G4*I4 -> 1020000 | K4: Federal Contract Page 15
A5: CLIN X001 Hardware
A6: SLIN X001AA: Persistent Counter Drone System (including all required hardware components such as drones, sensors, and communication devices) | F6: ='Category Discounts'!$C4 -> 0 | G6: =SUM(1-F6)*E6 -> 0 | H6: =SUM(D6-G6)/D6 -> #DIV/0! | J6: =G6*I6 -> 0
E7: 0 | F7: ='Category Discounts'!$C5 -> 0 | G7: =SUM(1-F7)*E7 -> 0 | H7: =SUM(D7-G7)/D7 -> #DIV/0! | J7: =G7*I7 -> 0
A8: SLIN X001AB: System Upgrades and End-of-Life Costs (Includes costs for hardware upgrades, decommissioning, and replacement of outdated components.) | E8: 0 | F8: ='Category Discounts'!$C6 -> 0 | G8: =SUM(1-F8)*E8 -> 0 | H8: =SUM(D8-G8)/D8 -> #DIV/0! | J8: =G8*I8 -> 0
E9: 0 | F9: ='Category Discounts'!$C7 -> 0 | G9: =SUM(1-F9)*E9 -> 0 | H9: =SUM(D9-G9)/D9 -> #DIV/0! | J9: =G9*I9 -> 0
A10: SLIN X001AC: Backup Data Transfer Mechanism (Includes hardware components for redundancy to ensure operational continuity.) | E10: 0 | F10: ='Category Discounts'!$C8 -> 0 | G10: =SUM(1-F10)*E10 -> 0 | H10: =SUM(D10-G10)/D10 -> #DIV/0! | J10: =G10*I10 -> 0
E11: 0 | F11: ='Category Discounts'!$C9 -> 0 | G11: =SUM(1-F11)*E11 -> 0 | H11: =SUM(D11-G11)/D11 -> #DIV/0! | J11: =G11*I11 -> 0
A12: SLIN X001AD: Accessories (Includes batteries, chargers, spare parts, and other ancillary hardware required for system operation.) | E12: 0 | F12: ='Category Discounts'!$C10 -> 0 | G12: =SUM(1-F12)*E12 -> 0 | H12: =SUM(D12-G12)/D12 -> #DIV/0! | J12: =G12*I12 -> 0
E13: 0 | F13: ='Category Discounts'!$C11 -> 0 | G13: =SUM(1-F13)*E13 -> 0 | H13: =SUM(D13-G13)/D13 -> #DIV/0! | J13: =G13*I13 -> 0
A15: CLIN X002 Software/Licensing
A16: SLIN X002AA: Operating Software (Includes user interface functionality, real-time data processing capabilities, and licensing fees for the counter drone system.) | E16: 0 | F16: ='Category Discounts'!$C5 -> 0 | G16: =SUM(1-F16)*E16 -> 0 | H16: =SUM(D16-G16)/D16 -> #DIV/0! | J16: =G16*I16 -> 0
E17: 0 | F17: ='Category Discounts'!$C6 -> 0 | G17: =SUM(1-F17)*E17 -> 0 | H17: =SUM(D17-G17)/D17 -> #DIV/0! | J17: =G17*I17 -> 0
A18: SLIN X002AB: Software Updates and Threat Library Updates (Includes testing, validation, and deployment of updates to ensure system functionality and interoperability.) | E18: 0 | F18: ='Category Discounts'!$C7 -> 0 | G18: =SUM(1-F18)*E18 -> 0 | H18: =SUM(D18-G18)/D18 -> #DIV/0! | J18: =G18*I18 -> 0
E19: 0 | F19: ='Category Discounts'!$C8 -> 0 | G19: =SUM(1-F19)*E19 -> 0 | H19: =SUM(D19-G19)/D19 -> #DIV/0! | J19: =G19*I19 -> 0
A20: SLIN X002AC: Licensing Flexibility and Renewal Costs (Includes recurring licensing fees and provisions for flexibility in licensing agreements.) | E20: 0 | F20: ='Category Discounts'!$C9 -> 0 | G20: =SUM(1-F20)*E20 -> 0 | H20: =SUM(D20-G20)/D20 -> #DIV/0! | J20: =G20*I20 -> 0
E21: 0 | F21: ='Category Discounts'!$C10 -> 0 | G21: =SUM(1-F21)*E21 -> 0 | H21: =SUM(D21-G21)/D21 -> #DIV/0! | J21: =G21*I21 -> 0
A23: CLIN X003: Support
A24: SLIN X003AA: Year 1 Maintenance for Hardware (Includes routine checks, troubleshooting, repairs, and operational support for hardware components.) | E24: 0 | F24: =SUM('Category Discounts'!$C6) -> 0 | G24: =SUM(1-F24)*E24 -> 0 | H24: =SUM(D24-G24)/D24 -> #DIV/0! | J24: =G24*I24 -> 0
E25: 0 | F25: =SUM('Category Discounts'!$C7) -> 0 | G25: =SUM(1-F25)*E25 -> 0 | H25: =SUM(D25-G25)/D25 -> #DIV/0! | J25: =G25*I25 -> 0
A26: SLIN X003AB: Year 1 Maintenance for Software (Includes updates, patches, troubleshooting, and operational support for software components.) | E26: 0 | F26: =SUM('Category Discounts'!$C8) -> 0 | G26: =SUM(1-F26)*E26 -> 0 | H26: =SUM(D26-G26)/D26 -> #DIV/0! | J26: =G26*I26 -> 0
E27: 0 | F27: =SUM('Category Discounts'!$C9) -> 0 | G27: =SUM(1-F27)*E27 -> 0 | H27: =SUM(D27-G27)/D27 -> #DIV/0! | J27: =G27*I27 -> 0
A28: SLIN X003AC: On-Call Operational Support (Includes technical assistance during deployment and operation.) | E28: 0 | F28: =SUM('Category Discounts'!$C10) -> 0 | G28: =SUM(1-F28)*E28 -> 0 | H28: =SUM(D28-G28)/D28 -> #DIV/0! | J28: =G28*I28 -> 0
E29: 0 | F29: =SUM('Category Discounts'!$C11) -> 0 | G29: =SUM(1-F29)*E29 -> 0 | H29: =SUM(D29-G29)/D29 -> #DIV/0! | J29: =G29*I29 -> 0
A30: SLIN X003AD: Initial Training Session (Includes training for Government personnel within 5 days of hardware delivery to ensure rapid operational readiness.) | E30: 0 | F30: =SUM('Category Discounts'!$C12) -> 0 | G30: =SUM(1-F30)*E30 -> 0 | H30: =SUM(D30-G30)/D30 -> #DIV/0! | J30: =G30*I30 -> 0
E31: 0 | F31: =SUM('Category Discounts'!$C13) -> 0 | G31: =SUM(1-F31)*E31 -> 0 | H31: =SUM(D31-G31)/D31 -> #DIV/0! | J31: =G31*I31 -> 0
A32: SLIN X003AE: Follow-Up Training Session (Includes training for Government personnel 6 months after the initial session to reinforce knowledge and address operational challenges.) | E32: 0 | F32: =SUM('Category Discounts'!$C14) -> 0 | G32: =SUM(1-F32)*E32 -> 0 | H32: =SUM(D32-G32)/D32 -> #DIV/0! | J32: =G32*I32 -> 0
E33: 0 | F33: =SUM('Category Discounts'!$C15) -> 0 | G33: =SUM(1-F33)*E33 -> 0 | H33: =SUM(D33-G33)/D33 -> #DIV/0! | J33: =G33*I33 -> 0
A34: SLIN X003AF: Installation Services (Includes site survey, installation of hardware or software, and system testing/validation to ensure proper setup and integration with existing infrastructure.) | E34: 0 | F34: =SUM('Category Discounts'!$C16) -> 0 | G34: =SUM(1-F34)*E34 -> 0 | H34: =SUM(D34-G34)/D34 -> #DIV/0! | J34: =G34*I34 -> 0

Sheet Narrative
