Workbook

Sheet 1. BASE YEAR
A1: ATTACHMENT A - SCHEDULE
A2: CLIN | B2: Product Description Nomenclature | C2: Manufacturer | D2: Manufacturer Part Number | E2: Minimum System Requirements / Capabilities | F2: Estimated Quantity | G2: UoM | H2: Unit Price | I2: Extended Price
A3: 1 | B3: License and Support for Activation Tracking and Implementation System | E3: See Attachment B, Section C. | F3: 1 | G3: YR | I3: =H3*F3 -> 0
I4: =H4*F4 -> 0
I5: =H5*F5 -> 0
I6: =H6*F6 -> 0
I7: =H7*F7 -> 0
I8: =H8*F8 -> 0
I9: =H9*F9 -> 0
I10: =H10*F10 -> 0
I11: =H11*F11 -> 0
I12: =H12*F12 -> 0
A13: Total | I13: =SUM(I3:I12) -> 0

Sheet 2. OPTION YEAR 1
A1: ATTACHMENT A - SCHEDULE
A2: CLIN | B2: Product Description Nomenclature | C2: Manufacturer | D2: Manufacturer Part Number | E2: Minimum System Requirements / Capabilities | F2: Estimated Quantity | G2: UoM | H2: Unit Price | I2: Extended Price
A3: 1 | B3: License and Support for Activation Tracking and Implementation System | E3: See Attachment B, Section C. | F3: 1 | G3: YR | I3: =H3*F3 -> 0
I4: =H4*F4 -> 0
I5: =H5*F5 -> 0
I6: =H6*F6 -> 0
I7: =H7*F7 -> 0
I8: =H8*F8 -> 0
I9: =H9*F9 -> 0
I10: =H10*F10 -> 0
I11: =H11*F11 -> 0
I12: =H12*F12 -> 0
A13: Total | I13: =SUM(I3:I12) -> 0

Sheet 3. OPTION YEAR 2
A1: ATTACHMENT A - SCHEDULE
A2: CLIN | B2: Product Description Nomenclature | C2: Manufacturer | D2: Manufacturer Part Number | E2: Minimum System Requirements / Capabilities | F2: Estimated Quantity | G2: UoM | H2: Unit Price | I2: Extended Price
A3: 1 | B3: License and Support for Activation Tracking and Implementation System | E3: See Attachment B, Section C. | F3: 1 | G3: YR | I3: =H3*F3 -> 0
I4: =H4*F4 -> 0
I5: =H5*F5 -> 0
I6: =H6*F6 -> 0
I7: =H7*F7 -> 0
I8: =H8*F8 -> 0
I9: =H9*F9 -> 0
I10: =H10*F10 -> 0
I11: =H11*F11 -> 0
I12: =H12*F12 -> 0
A13: Total | I13: =SUM(I3:I12) -> 0

Sheet 4. OPTION YEAR 3
A1: ATTACHMENT A - SCHEDULE
A2: CLIN | B2: Product Description Nomenclature | C2: Manufacturer | D2: Manufacturer Part Number | E2: Minimum System Requirements / Capabilities | F2: Estimated Quantity | G2: UoM | H2: Unit Price | I2: Extended Price
A3: 1 | B3: License and Support for Activation Tracking and Implementation System | E3: See Attachment B, Section C. | F3: 1 | G3: YR | I3: =H3*F3 -> 0
I4: =H4*F4 -> 0
I5: =H5*F5 -> 0
I6: =H6*F6 -> 0
I7: =H7*F7 -> 0
I8: =H8*F8 -> 0
I9: =H9*F9 -> 0
I10: =H10*F10 -> 0
I11: =H11*F11 -> 0
I12: =H12*F12 -> 0
A13: Total | I13: =SUM(I3:I12) -> 0

Sheet 5. OPTION YEAR 4
A1: ATTACHMENT A - SCHEDULE
A2: CLIN | B2: Product Description Nomenclature | C2: Manufacturer | D2: Manufacturer Part Number | E2: Minimum System Requirements / Capabilities | F2: Estimated Quantity | G2: UoM | H2: Unit Price | I2: Extended Price
A3: 1 | B3: License and Support for Activation Tracking and Implementation System | E3: See Attachment B, Section C. | F3: 1 | G3: YR | I3: =H3*F3 -> 0
I4: =H4*F4 -> 0
I5: =H5*F5 -> 0
I6: =H6*F6 -> 0
I7: =H7*F7 -> 0
I8: =H8*F8 -> 0
I9: =H9*F9 -> 0
I10: =H10*F10 -> 0
I11: =H11*F11 -> 0
I12: =H12*F12 -> 0
A13: Total | I13: =SUM(I3:I12) -> 0

Sheet TOTAL CONTRACT PRICE
A1: PERIOD | B1: ANNUAL PRICE
A2: BASE YEAR | B2: =+'1. BASE YEAR'!I13 -> 0
A3: OPTION YEAR 1 | B3: =+'2. OPTION YEAR 1'!I13 -> 0
A4: OPTION YEAR 2 | B4: =+'3. OPTION YEAR 2'!I13 -> 0
A5: OPTION YEAR 3 | B5: =+'4. OPTION YEAR 3'!I13 -> 0
A6: OPTION YEAR 4 | B6: =+'5. OPTION YEAR 4'!I13 -> 0
A8: Total | B8: =SUM(B2:B7) -> 0

Sheet List
A1: 52.217-6 50% Increase
A2: Choose One
A3: Yes
A4: No
