Workbook

Sheet Contract Total
A2: ATTACHMENT J-0200000-014
A3: EXHIBIT LINE ITEM NUMBERS
A4: SOLICITATION/CONTRACT # N40085-
A6: PRICING SUMMARY FOR ALL CONTRACT YEARS
B7: ***INSTRUCTIONS *** Recurring Work- Fill in "Unit Price" cells for each ELIN on the following tabs: ELIN Base period Recurring, ELIN 1st Opt period Recurring, ELIN 2nd Opt period Recurring, ELIN 3rd Opt period Recurring, and ELIN 4th Opt period Recurring . Non-Recurring Work- Fill in "Price" cells for the following tabs: ELIN Base Period Non-Recurring, ELIN 1st Opt Non-Recurring, ELIN 2nd Opt Non-Recurring, ELIN 3rd Opt Non-Recurring, ELIN 4th Opt Non-Recurring. ENSURE ALL FORMULA'S IN THE CELLS ARE CORRECT FOR TOTALS.
A8: THE TOTAL PRICES FOR ALL CONTRACT YEARS ARE TO BE FILLED IN ON THIS SHEET AS WELL AS ON THE ATTACHED ELIN SHEETS
B10: TOTAL DOLLAR AMOUNT
C11: Recurring | D11: Non-Recurring | E11: FFP+Non-Recurring
B12: BASE YEAR | C12: ='ELIN-Base Period-Recurring'!F32 -> 0 | D12: ='ELIN Base Period-Non Recurring'!G16 -> 150000 | E12: =SUM(C12:D12) -> 150000
B13: 1ST OPTION YEAR | C13: ='ELIN-1st Opt Period-Recurring '!F32 -> 0 | D13: ='ELIN 1st Opt Non-Recurring'!G16 -> 150000 | E13: =SUM(C13:D13) -> 150000
B14: 2ND OPTION YEAR | C14: ='ELIN- 2nd Opt Period-Recurring '!F32 -> 0 | D14: ='ELIN 2nd Opt Non-Recurring '!G16 -> 150000 | E14: =SUM(C14:D14) -> 150000
B15: 3RD OPTION YEAR | C15: ='ELIN- 3rd Opt Period-Recurring'!F32 -> 0 | D15: ='ELIN 3rd Opt Non-Recurring '!G16 -> 150000 | E15: =SUM(C15:D15) -> 150000
B16: 4TH OPTION YEAR | C16: ='ELIN- 4th Opt Period-Recurring'!F32 -> 0 | D16: ='ELIN 4th Opt Non-Recurring '!G16 -> 150000 | E16: =SUM(C16:D16) -> 150000
B17: TOTAL BASE + OPTION YEARS | C17: =SUM(C12:C16) -> 0 | D17: =SUM(D12:D16) -> 750000 | E17: =SUM(C17:D17) -> 750000

Sheet ELIN-Base Period-Recurring
A2: ATTACHMENT J-0200000-14
A3: EXHIBIT LINE ITEM NUMBERS
A4: SOLICITATION/CONTRACT # N40085
A5: EXHIBIT A - CLIN 0001
A7: Line Item 0001 Recurring Work - Base Period
A8: PROVIDE PRICES FOR ELEVATOR MAINTENANCE -RECURRING WORK PRICE - IN ACCORDANCE WITH SECTION C, SPEC ITEM 3
A9: ELINs A001 through A002
A11: ELIN /Sub ELIN | B11: Description | C11: Quantity | D11: Unit of Issue | E11: Unit Price | F11: Total | G11: CAC
A13: A001 | B13: Region Spec Item 3 (CNI: 41 Elevators/2 Escalators/2 Other)
A14: A001AA | B14: Emergency Service Orders, Spec Item 3.1.1 | C14: 12 | D14: MO | E14: 0 | F14: =E14*C14 -> 0
A15: A001AB | B15: Urgent Service Orders, Spec item 3.1.2 | C15: 12 | D15: MO | E15: 0 | F15: =E15*C15 -> 0
A16: A001AC | B16: Routine Service Orders, Spec Item 3.1.3 | C16: 12 | D16: MO | E16: 0 | F16: =E16*C16 -> 0
A17: A001AD | B17: PM Program, Spec Item 3.2 | C17: 12 | D17: MO | E17: 0 | F17: =E17*C17 -> 0
A18: A001AE | B18: Inspection, Testing, and Certification Program, Spec Item 3.3 | C18: 12 | D18: MO | E18: 0 | F18: =E18*C18 -> 0
A19: A001AF | B19: Other Recurring Services Program, Spec Item 3.4 | C19: 12 | D19: EA | E19: 0 | F19: =E19*C19 -> 0
B20: REGION Subtotal | F20: =SUM(F14:F19) -> 0
A22: A002 | B22: NGIS Spec Item 3 (2 Elevators/1 dumbwaiter)
A23: A002AA | B23: Emergency Service Orders, Spec Item 3.1.1 | C23: 12 | D23: MO | E23: 0 | F23: =E23*C23 -> 0
A24: A002AB | B24: Urgent Service Orders, Spec item 3.1.2 | C24: 12 | D24: MO | E24: 0 | F24: =E24*C24 -> 0
A25: A002AC | B25: Routine Service Orders, Spec Item 3.1.3 | C25: 12 | D25: MO | E25: 0 | F25: =E25*C25 -> 0
A26: A002AD | B26: PM Program, Spec Item 3.2 | C26: 12 | D26: MO | E26: 0 | F26: =E26*C26 -> 0
A27: A002AE | B27: Inspection, Testing, and Certification Program, Spec Item 3.3 | C27: 12 | D27: MO | E27: 0 | F27: =E27*C27 -> 0
A28: A002AF | B28: Other Recurring Services Program, Spec Item 3.4 | C28: 2 | D28: EA | E28: 0 | F28: =E28*C28 -> 0
B29: NGIS Subtotal | F29: =SUM(F23:F28) -> 0
B32: TOTAL RECURRING WORK PRICE - BASE OPTION PERIOD | E32: TOTAL | F32: =F20+F29 -> 0

Sheet ELIN Base Period-Non Recurring
A1: ATTACHMENT J-0200000-14
A2: EXHIBIT LINE ITEM NUMBERS
A3: SOLICITATION/CONTRACT # N40085
A4: EXHIBIT A - CLIN 0002
A6: Line Item 0002 Non-Recurring Work - Base Period
A7: PROVIDE PRICES FOR ELEVATOR MAINTENANCE - NON RECURRING WORK - IN ACCORDANCE WITH SECTION C, SPEC ITEM 4
A8: ELINs A700 through A704
A10: ELIN | B10: Description | C10: Long Description | D10: Estimated Quantity | E10: Unit of Issue | F10: Unit Price | G10: Extended Price (Col. B x Col. G = Col. H) | H10: IMAP CAC
A11: A700 | B11: Unit Priced Labor Work - (Mechanic) MUST BE NEGOTIATED BY KO. | C11: Provide labor to perform all Unit Priced Labor work subject to the Service Contract Act per the scope and delivery schedule specified in the order. MUST BE NEGOTIATED BY KO USING ETO PROCESS. | D11: 900 | E11: HR | F11: 0 | G11: =D11*F11 -> 0
A12: A701 | B12: Unit Priced Labor Work - (Laborer) MUST BE NEGOTIATED BY KO. | C12: Provide labor to perform all Unit Priced Labor work subject to the Service Contract Act per the scope and delivery schedule specified in the order. MUST BE NEGOTIATED BY KO USING ETO PROCESS. | D12: 440 | E12: HR | F12: 0 | G12: =D12*F12 -> 0
A13: A702 | B13: Unit Priced Labor Work - (Mechanic) MUST BE NEGOTIATED BY KO. | C13: Provide labor to perform all Unit Priced Labor work subject to the Davis Bacon Act per the scope and delivery schedule specified in the order. MUST BE NEGOTIATED BY KO USING ETO PROCESS. | D13: 100 | E13: HR | F13: 0 | G13: =D13*F13 -> 0
A14: A703 | B14: Unit Priced Labor Work - (Laborer) MUST BE NEGOTIATED BY KO. | C14: Provide labor to perform all Unit Priced Labor work subject to the Davis Bacon Act per the scope and delivery schedule specified in the order. MUST BE NEGOTIATED BY KO USING ETO PROCESS. | D14: 50 | E14: HR | F14: 0 | G14: =D14*F14 -> 0
A15: A704 | B15: Material Costs- MUST BE NEGOTIATED BY KO | C15: Provide all materials and equipment to perform Unit Priced Labor work per the scope and delivery schedule specified in the order. | D15: 1 | E15: EA | F15: 150000 | G15: =D15*F15 -> 150000
C16: TOTAL NON-RECURRING WORK PRICE - BASE PERIOD | G16: =SUM(G11:G15) -> 150000

Sheet ELIN-1st Opt Period-Recurring 
A2: ATTACHMENT J-0200000-14
A3: EXHIBIT LINE ITEM NUMBERS
A4: SOLICITATION/CONTRACT # N40085
A5: EXHIBIT B - CLIN 0003
A7: Line Item 0003 Recurring Work - 1st Option Period
A8: PROVIDE PRICES FOR ELEVATOR MAINTENANCE - RECURRING WORK PRICE - IN ACCORDANCE WITH SECTION C, SPEC ITEM 3
A9: ELINs B001 through B002
A11: ELIN /Sub ELIN | B11: Description | C11: Quantity | D11: Unit of Issue | E11: Unit Price | F11: Total | G11: CAC
A13: B001 | B13: Region Spec Item 3 (CNI: 41 Elevators/2 Escalators/2 Other)
A14: B001AA | B14: Emergency Service Orders, Spec Item 3.1.1 | C14: 12 | D14: MO | E14: 0 | F14: =E14*C14 -> 0
A15: B001AB | B15: Urgent Service Orders, Spec item 3.1.2 | C15: 12 | D15: MO | E15: 0 | F15: =E15*C15 -> 0
A16: B001AC | B16: Routine Service Orders, Spec Item 3.1.3 | C16: 12 | D16: MO | E16: 0 | F16: =E16*C16 -> 0
A17: B001AD | B17: PM Program, Spec Item 3.2 | C17: 12 | D17: MO | E17: 0 | F17: =E17*C17 -> 0
A18: B001AE | B18: Inspection, Testing, and Certification Program, Spec Item 3.3 | C18: 12 | D18: MO | E18: 0 | F18: =E18*C18 -> 0
A19: B001AF | B19: Other Recurring Services Program, Spec Item 3.4 | C19: 12 | D19: EA | E19: 0 | F19: =E19*C19 -> 0
B20: REGION Subtotal | F20: =SUM(F14:F19) -> 0
A22: B002 | B22: NGIS Spec Item 3 (2 Elevators/1 dumbwaiter)
A23: B002AA | B23: Emergency Service Orders, Spec Item 3.1.1 | C23: 12 | D23: MO | E23: 0 | F23: =E23*C23 -> 0
A24: B002AB | B24: Urgent Service Orders, Spec item 3.1.2 | C24: 12 | D24: MO | E24: 0 | F24: =E24*C24 -> 0
A25: B002AC | B25: Routine Service Orders, Spec Item 3.1.3 | C25: 12 | D25: MO | E25: 0 | F25: =E25*C25 -> 0
A26: B002AD | B26: PM Program, Spec Item 3.2 | C26: 12 | D26: MO | E26: 0 | F26: =E26*C26 -> 0
A27: B002AE | B27: Inspection, Testing, and Certification Program, Spec Item 3.3 | C27: 12 | D27: MO | E27: 0 | F27: =E27*C27 -> 0
A28: B002AF | B28: Other Recurring Services Program, Spec Item 3.4 | C28: 2 | D28: EA | E28: 0 | F28: =E28*C28 -> 0
B29: NGIS Subtotal | F29: =SUM(F23:F28) -> 0
B32: TOTAL RECURRING WORK PRICE - FIRST OPTION PERIOD | E32: TOTAL | F32: =F20+F29 -> 0

Sheet ELIN 1st Opt Non-Recurring
A1: ATTACHMENT J-0200000-14
A2: EXHIBIT LINE ITEM NUMBERS
A3: SOLICITATION/CONTRACT # N40085
A4: EXHIBIT B - CLIN 0004
A6: Line Item 0004 Non-Recurring Work - 1st Option Period
A7: PROVIDE PRICES FOR ELEVATOR MAINTENANCE - NON RECURRING WORK - IN ACCORDANCE WITH SECTION C, SPEC ITEM 4
A8: ELINs B700 through B704
A10: ELIN | B10: Description | C10: Long Description | D10: Estimated Quantity | E10: Unit of Issue | F10: Unit Price | G10: Extended Price | H10: IMAP CAC
A11: B700 | B11: Unit Priced Labor Work - (Mechanic) MUST BE NEGOTIATED BY KO. | C11: Provide labor to perform all Unit Priced Labor work subject to the Service Contract Act per the scope and delivery schedule specified in the order. MUST BE NEGOTIATED BY KO USING ETO PROCESS. | D11: 900 | E11: HR | F11: 0 | G11: =F11*D11 -> 0
A12: B701 | B12: Unit Priced Labor Work - (Laborer) MUST BE NEGOTIATED BY KO. | C12: Provide labor to perform all Unit Priced Labor work subject to the Service Contract Act per the scope and delivery schedule specified in the order. MUST BE NEGOTIATED BY KO USING ETO PROCESS. | D12: 440 | E12: HR | F12: 0 | G12: =F12*D12 -> 0
A13: B702 | B13: Unit Priced Labor Work - (Mechanic) MUST BE NEGOTIATED BY KO. | C13: Provide labor to perform all Unit Priced Labor work subject to the Davis Bacon Act per the scope and delivery schedule specified in the order. MUST BE NEGOTIATED BY KO USING ETO PROCESS. | D13: 100 | E13: HR | F13: 0 | G13: =F13*D13 -> 0
A14: B703 | B14: Unit Priced Labor Work - (Laborer) MUST BE NEGOTIATED BY KO. | C14: Provide labor to perform all Unit Priced Labor work subject to the Davis Bacon Act per the scope and delivery schedule specified in the order. MUST BE NEGOTIATED BY KO USING ETO PROCESS. | D14: 50 | E14: HR | F14: 0 | G14: =F14*D14 -> 0
A15: B704 | B15: Material Costs- MUST BE NEGOTIATED BY KO | C15: Provide all materials and equipment to perform Unit Priced Labor work per the scope and delivery schedule specified in the order. | D15: 1 | E15: EA | F15: 150000 | G15: =F15*D15 -> 150000
C16: TOTAL NON-RECURRING WORK PRICE - 1ST OPTION PERIOD | G16: =SUM(G11:G15) -> 150000

Sheet ELIN- 2nd Opt Period-Recurring 
A2: ATTACHMENT J-0200000-14
A3: EXHIBIT LINE ITEM NUMBERS
A4: SOLICITATION/CONTRACT # N40085
A5: EXHIBIT C - CLIN 0005
A7: Line Item 0005 Recurring Work - 2nd Option Period
A8: PROVIDE PRICES FOR ELEVATOR MAINTENANCE - RECURRING WORK PRICE - IN ACCORDANCE WITH SECTION C, SPEC ITEM 3
A9: ELINs C001 through C002
A11: ELIN /Sub ELIN | B11: Description | C11: Quantity | D11: Unit of Issue | E11: Unit Price | F11: Total | G11: CAC
A13: C001 | B13: Region Spec Item 3 (CNI: 41 Elevators/2 Escalators/2 Other)
A14: C001AA | B14: Emergency Service Orders, Spec Item 3.1.1 | C14: 12 | D14: MO | E14: 0 | F14: =E14*C14 -> 0
A15: C001AB | B15: Urgent Service Orders, Spec item 3.1.2 | C15: 12 | D15: MO | E15: 0 | F15: =E15*C15 -> 0
A16: C001AC | B16: Routine Service Orders, Spec Item 3.1.3 | C16: 12 | D16: MO | E16: 0 | F16: =E16*C16 -> 0
A17: C001AD | B17: PM Program, Spec Item 3.2 | C17: 12 | D17: MO | E17: 0 | F17: =E17*C17 -> 0
A18: C001AE | B18: Inspection, Testing, and Certification Program, Spec Item 3.3 | C18: 12 | D18: MO | E18: 0 | F18: =E18*C18 -> 0
A19: C001AF | B19: Other Recurring Services Program, Spec Item 3.4 | C19: 12 | D19: EA | E19: 0 | F19: =E19*C19 -> 0
B20: REGION Subtotal | F20: =SUM(F14:F19) -> 0
A22: C002 | B22: NGIS Spec Item 3 (2 Elevators/1 dumbwaiter)
A23: C002AA | B23: Emergency Service Orders, Spec Item 3.1.1 | C23: 12 | D23: MO | E23: 0 | F23: =E23*C23 -> 0
A24: C002AB | B24: Urgent Service Orders, Spec item 3.1.2 | C24: 12 | D24: MO | E24: 0 | F24: =E24*C24 -> 0
A25: C002AC | B25: Routine Service Orders, Spec Item 3.1.3 | C25: 12 | D25: MO | E25: 0 | F25: =E25*C25 -> 0
A26: C002AD | B26: PM Program, Spec Item 3.2 | C26: 12 | D26: MO | E26: 0 | F26: =E26*C26 -> 0
A27: C002AE | B27: Inspection, Testing, and Certification Program, Spec Item 3.3 | C27: 12 | D27: MO | E27: 0 | F27: =E27*C27 -> 0
A28: C002AF | B28: Other Recurring Services Program, Spec Item 3.4 | C28: 2 | D28: EA | E28: 0 | F28: =E28*C28 -> 0
B29: NGIS Subtotal | F29: =SUM(F23:F28) -> 0
B32: TOTAL RECURRING WORK PRICE - SECOND OPTION PERIOD | E32: TOTAL | F32: =F20+F29 -> 0

Sheet ELIN 2nd Opt Non-Recurring 
A1: ATTACHMENT J-0200000-14
A2: EXHIBIT LINE ITEM NUMBERS
A3: SOLICITATION/CONTRACT # N40085
A4: EXHIBIT C - CLIN 0006
A6: Line Item 0006 Non-Recurring Work - 2nd Option Period
A7: PROVIDE PRICES FOR ELEVATOR MAINTENANCE - NON RECURRING WORK - IN ACCORDANCE WITH SECTION C, SPEC ITEM 4
A8: ELINs C700 through C704
A10: ELIN | B10: Description | C10: Long Description | D10: Estimated Quantity | E10: Unit of Issue | F10: Unit Price | G10: Extended Price (Col. B x Col. G = Col. H) | H10: IMAP CAC
A11: C700 | B11: Unit Priced Labor Work - (Mechanic) MUST BE NEGOTIATED BY KO. | C11: Provide labor to perform all Unit Priced Labor work subject to the Service Contract Act per the scope and delivery schedule specified in the order. MUST BE NEGOTIATED BY KO USING ETO PROCESS. | D11: 900 | E11: HR | F11: 0 | G11: =F11*D11 -> 0
A12: C701 | B12: Unit Priced Labor Work - (Laborer) MUST BE NEGOTIATED BY KO. | C12: Provide labor to perform all Unit Priced Labor work subject to the Service Contract Act per the scope and delivery schedule specified in the order. MUST BE NEGOTIATED BY KO USING ETO PROCESS. | D12: 440 | E12: HR | F12: 0 | G12: =F12*D12 -> 0
A13: C702 | B13: Unit Priced Labor Work - (Mechanic) MUST BE NEGOTIATED BY KO. | C13: Provide labor to perform all Unit Priced Labor work subject to the Davis Bacon Act per the scope and delivery schedule specified in the order. MUST BE NEGOTIATED BY KO USING ETO PROCESS. | D13: 100 | E13: HR | F13: 0 | G13: =F13*D13 -> 0
A14: C703 | B14: Unit Priced Labor Work - (Laborer) MUST BE NEGOTIATED BY KO. | C14: Provide labor to perform all Unit Priced Labor work subject to the Davis Bacon Act per the scope and delivery schedule specified in the order. MUST BE NEGOTIATED BY KO USING ETO PROCESS. | D14: 50 | E14: HR | F14: 0 | G14: =F14*D14 -> 0
A15: C704 | B15: Material Costs- MUST BE NEGOTIATED BY KO | C15: Provide all materials and equipment to perform Unit Priced Labor work per the scope and delivery schedule specified in the order. | D15: 1 | E15: EA | F15: 150000 | G15: =F15*D15 -> 150000
C16: TOTAL NON-RECURRING WORK PRICE - 2ND OPTION PERIOD | G16: =SUM(G11:G15) -> 150000

Sheet ELIN- 3rd Opt Period-Recurring
A2: ATTACHMENT J-0200000-14
A3: EXHIBIT LINE ITEM NUMBERS
A4: SOLICITATION/CONTRACT # N40085
A5: EXHIBIT D - CLIN 0007
A7: Line Item 0007 Recurring Work Price - 3rd Option Period
A8: PROVIDE PRICES FOR ELEVATOR MAINTENANCE - RECURRING WORK PRICE - IN ACCORDANCE WITH SECTION C, SPEC ITEM 3
A9: ELINs D001 through D002
A11: ELIN /Sub ELIN | B11: Description | C11: Quantity | D11: Unit of Issue | E11: Unit Price | F11: Total | G11: CAC
A13: D001 | B13: Region Spec Item 3 (CNI: 41 Elevators/2 Escalators/2 Other)
A14: D001AA | B14: Emergency Service Orders, Spec Item 3.1.1 | C14: 12 | D14: MO | E14: 0 | F14: =E14*C14 -> 0
A15: D001AB | B15: Urgent Service Orders, Spec item 3.1.2 | C15: 12 | D15: MO | E15: 0 | F15: =E15*C15 -> 0
A16: D001AC | B16: Routine Service Orders, Spec Item 3.1.3 | C16: 12 | D16: MO | E16: 0 | F16: =E16*C16 -> 0
A17: D001AD | B17: PM Program, Spec Item 3.2 | C17: 12 | D17: MO | E17: 0 | F17: =E17*C17 -> 0
A18: D001AE | B18: Inspection, Testing, and Certification Program, Spec Item 3.3 | C18: 12 | D18: MO | E18: 0 | F18: =E18*C18 -> 0
A19: D001AF | B19: Other Recurring Services Program, Spec Item 3.4 | C19: 12 | D19: EA | E19: 0 | F19: =E19*C19 -> 0
B20: REGION Subtotal | F20: =SUM(F14:F19) -> 0
A22: D002 | B22: NGIS Spec Item 3 (2 Elevators/1 dumbwaiter)
A23: D002AA | B23: Emergency Service Orders, Spec Item 3.1.1 | C23: 12 | D23: MO | E23: 0 | F23: =E23*C23 -> 0
A24: D002AB | B24: Urgent Service Orders, Spec item 3.1.2 | C24: 12 | D24: MO | E24: 0 | F24: =E24*C24 -> 0
A25: D002AC | B25: Routine Service Orders, Spec Item 3.1.3 | C25: 12 | D25: MO | E25: 0 | F25: =E25*C25 -> 0
A26: D002AD | B26: PM Program, Spec Item 3.2 | C26: 12 | D26: MO | E26: 0 | F26: =E26*C26 -> 0
A27: D002AE | B27: Inspection, Testing, and Certification Program, Spec Item 3.3 | C27: 12 | D27: MO | E27: 0 | F27: =E27*C27 -> 0
A28: D002AF | B28: Other Recurring Services Program, Spec Item 3.4 | C28: 2 | D28: EA | E28: 0 | F28: =E28*C28 -> 0
B29: NGIS Subtotal | F29: =SUM(F23:F28) -> 0
B32: TOTAL RECURRING WORK PRICE - THIRD OPTION PERIOD | E32: TOTAL | F32: =F20+F29 -> 0

Sheet ELIN 3rd Opt Non-Recurring 
A1: ATTACHMENT J-0200000-14
A2: EXHIBIT LINE ITEM NUMBERS
A3: SOLICITATION/CONTRACT # N40085-16-D-1601
A4: EXHIBIT D - CLIN 0008
A6: Line Item 0008 Non-Recurring Work - 3rd Option Period
A7: PROVIDE PRICES FOR ELEVATOR MAINTENANCE - NON RECURRING WORK - IN ACCORDANCE WITH SECTION C, SPEC ITEM 4
A8: ELINs D700 through D704
A10: ELIN | B10: Description | C10: Long Description | D10: Estimated Quantity | E10: Unit of Issue | F10: Unit Price | G10: Extended Price (Col. B x Col. G = Col. H) | H10: IMAP CAC
A11: D700 | B11: Unit Priced Labor Work - (Mechanic) MUST BE NEGOTIATED BY KO. | C11: Provide labor to perform all Unit Priced Labor work subject to the Service Contract Act per the scope and delivery schedule specified in the order. MUST BE NEGOTIATED BY KO USING ETO PROCESS. | D11: 900 | E11: HR | F11: 0 | G11: =F11*D11 -> 0
A12: D701 | B12: Unit Priced Labor Work - (Laborer) MUST BE NEGOTIATED BY KO. | C12: Provide labor to perform all Unit Priced Labor work subject to the Service Contract Act per the scope and delivery schedule specified in the order. MUST BE NEGOTIATED BY KO USING ETO PROCESS. | D12: 440 | E12: HR | F12: 0 | G12: =F12*D12 -> 0
A13: D702 | B13: Unit Priced Labor Work - (Mechanic) MUST BE NEGOTIATED BY KO. | C13: Provide labor to perform all Unit Priced Labor work subject to the Davis Bacon Act per the scope and delivery schedule specified in the order. MUST BE NEGOTIATED BY KO USING ETO PROCESS. | D13: 100 | E13: HR | F13: 0 | G13: =F13*D13 -> 0
A14: D703 | B14: Unit Priced Labor Work - (Laborer) MUST BE NEGOTIATED BY KO. | C14: Provide labor to perform all Unit Priced Labor work subject to the Davis Bacon Act per the scope and delivery schedule specified in the order. MUST BE NEGOTIATED BY KO USING ETO PROCESS. | D14: 50 | E14: HR | F14: 0 | G14: =F14*D14 -> 0
A15: D704 | B15: Material Costs- MUST BE NEGOTIATED BY KO | C15: Provide all materials and equipment to perform Unit Priced Labor work per the scope and delivery schedule specified in the order. | D15: 1 | E15: EA | F15: 150000 | G15: =F15*D15 -> 150000
C16: TOTAL NON-RECURRING WORK PRICE - 3RD OPTION PERIOD | G16: =G11+G12+G13+G14+G15 -> 150000

Sheet ELIN- 4th Opt Period-Recurring
A2: ATTACHMENT J-0200000-14
A3: EXHIBIT LINE ITEM NUMBERS
A4: SOLICITATION/CONTRACT # N40085
A5: EXHIBIT E - CLIN 0009
A7: Line Item 0009 Recurring Work - 4th Option Period
A8: PROVIDE PRICES FOR ELEVATOR MAINTENANCE - RECURRING WORK PRICE - IN ACCORDANCE WITH SECTION C, SPEC ITEM 3
A9: ELINs E001 through E002
A11: ELIN /Sub ELIN | B11: Description | C11: Quantity | D11: Unit of Issue | E11: Unit Price | F11: Total | G11: CAC
A13: E001 | B13: Region Spec Item 3 (CNI: 41 Elevators/2 Escalators/2 Other)
A14: E001AA | B14: Emergency Service Orders, Spec Item 3.1.1 | C14: 12 | D14: MO | E14: 0 | F14: =E14*C14 -> 0
A15: E001AB | B15: Urgent Service Orders, Spec item 3.1.2 | C15: 12 | D15: MO | E15: 0 | F15: =E15*C15 -> 0
A16: E001AC | B16: Routine Service Orders, Spec Item 3.1.3 | C16: 12 | D16: MO | E16: 0 | F16: =E16*C16 -> 0
A17: E001AD | B17: PM Program, Spec Item 3.2 | C17: 12 | D17: MO | E17: 0 | F17: =E17*C17 -> 0
A18: E001AE | B18: Inspection, Testing, and Certification Program, Spec Item 3.3 | C18: 12 | D18: MO | E18: 0 | F18: =E18*C18 -> 0
A19: E001AF | B19: Other Recurring Services Program, Spec Item 3.4 | C19: 12 | D19: EA | E19: 0 | F19: =E19*C19 -> 0
B20: REGION Subtotal | F20: =SUM(F14:F19) -> 0
A22: E002 | B22: NGIS Spec Item 3 (2 Elevators/1 dumbwaiter)
A23: E002AA | B23: Emergency Service Orders, Spec Item 3.1.1 | C23: 12 | D23: MO | E23: 0 | F23: =E23*C23 -> 0
A24: E002AB | B24: Urgent Service Orders, Spec item 3.1.2 | C24: 12 | D24: MO | E24: 0 | F24: =E24*C24 -> 0
A25: E002AC | B25: Routine Service Orders, Spec Item 3.1.3 | C25: 12 | D25: MO | E25: 0 | F25: =E25*C25 -> 0
A26: E002AD | B26: PM Program, Spec Item 3.2 | C26: 12 | D26: MO | E26: 0 | F26: =E26*C26 -> 0
A27: E002AE | B27: Inspection, Testing, and Certification Program, Spec Item 3.3 | C27: 12 | D27: MO | E27: 0 | F27: =E27*C27 -> 0
A28: E002AF | B28: Other Recurring Services Program, Spec Item 3.4 | C28: 2 | D28: EA | E28: 0 | F28: =E28*C28 -> 0
B29: NGIS Subtotal | F29: =SUM(F23:F28) -> 0
B32: TOTAL RECURRING WORK PRICE - FOURTH OPTION PERIOD | E32: TOTAL | F32: =F20+F29 -> 0

Sheet ELIN 4th Opt Non-Recurring 
A1: ATTACHMENT J-0200000-14
A2: EXHIBIT LINE ITEM NUMBERS
A3: SOLICITATION/CONTRACT # N40085
A4: EXHIBIT E - CLIN 0010
A6: Line Item 0010 Non-Recurring Work - 4th Option Period
A7: PROVIDE PRICES FOR ELEVATOR MAINTENANCE - NON RECURRING WORK - IN ACCORDANCE WITH SECTION C, SPEC ITEM 4
A8: ELINs E700 through E704
A10: ELIN | B10: Description | C10: Long Description | D10: Estimated Quantity | E10: Unit of Issue | F10: Unit Price | G10: Extended Price (Col. B x Col. G = Col. H) | H10: IMAP CAC
A11: E700 | B11: Unit Priced Labor Work - (Mechanic) MUST BE NEGOTIATED BY KO. | C11: Provide labor to perform all Unit Priced Labor work subject to the Service Contract Act per the scope and delivery schedule specified in the order. MUST BE NEGOTIATED BY KO USING ETO PROCESS. | D11: 900 | E11: HR | F11: 0 | G11: =F11*D11 -> 0
A12: E701 | B12: Unit Priced Labor Work - (Laborer) MUST BE NEGOTIATED BY KO. | C12: Provide labor to perform all Unit Priced Labor work subject to the Service Contract Act per the scope and delivery schedule specified in the order. MUST BE NEGOTIATED BY KO USING ETO PROCESS. | D12: 440 | E12: HR | F12: 0 | G12: =F12*D12 -> 0
A13: E702 | B13: Unit Priced Labor Work - (Mechanic) MUST BE NEGOTIATED BY KO. | C13: Provide labor to perform all Unit Priced Labor work subject to the Davis Bacon Act per the scope and delivery schedule specified in the order. MUST BE NEGOTIATED BY KO USING ETO PROCESS. | D13: 100 | E13: HR | F13: 0 | G13: =F13*D13 -> 0
A14: E703 | B14: Unit Priced Labor Work - (Laborer) MUST BE NEGOTIATED BY KO. | C14: Provide labor to perform all Unit Priced Labor work subject to the Davis Bacon Act per the scope and delivery schedule specified in the order. MUST BE NEGOTIATED BY KO USING ETO PROCESS. | D14: 50 | E14: 0 | F14: 0 | G14: =F14*D14 -> 0
A15: E704 | B15: Material Costs- MUST BE NEGOTIATED BY KO | C15: Provide all materials and equipment to perform Unit Priced Labor work per the scope and delivery schedule specified in the order. | D15: 1 | E15: 0 | F15: 150000 | G15: =F15*D15 -> 150000
C16: TOTAL NON-RECURRING WORK PRICE - 4TH OPTION PERIOD | E16: 0 | G16: =SUM(G11:G15) -> 150000
E17: 0
E18: 0
E19: 0
E23: 0
E24: 0
E25: 0
E26: 0
E27: 0
E28: 0

Sheet NAVFAC UOMs
A1: AC | B1: Acre | D1: FR | E1: Frame | G1: PD | H1: Pad
A2: AM | B2: Ampoule | D2: FT | E2: Foot | G2: PG | H2: Package
A3: AT | B3: Assortment | D3: FV | E3: Five | G3: PI | H3: Pillow
A4: AY | B4: Assembly | D4: FY | E4: Fifty | G4: PM | H4: Plate
A5: BA | B5: Ball | D5: GG | E5: Great Gross | G5: PR | H5: Pair
A6: BD | B6: Bundle | D6: GI | E6: Gill | G6: PT | H6: Pint
A7: BE | B7: Bale | D7: GL | E7: Gallon | G7: PX | H7: Pellet
A8: BF | B8: Board Foot | D8: GM | E8: Gram | G8: PZ | H8: Packet
A9: BG | B9: Bag | D9: GN | E9: Grain | G9: QT | H9: Quart
A10: BK | B10: Book | D10: GP | E10: Group | G10: RA | H10: Ration
A11: BL | B11: Barrel | D11: GR | E11: Gross | G11: RD | H11: Round
A12: BO | B12: Bolt | D12: HD | E12: Hundred | G12: RL | H12: Reel
... A46: FD | B46: Fold | D46: OZ | E46: Ounce | G46: YR | H46: Years
