Workbook

Sheet SUMMATION
N1: DATE
Q2: SHEET NO. | V2: OF | X2: SHEETS
A4: PROJECT NO. | F4: LOCATION | J4: PROJECT NAME | Q4: TYPE OF ESTIMATE
A6: NEW PROJECT | S6: NO DESIGN | V6: PRELIMINARY
S7: COMPLETED | V7: DESIGN
S10: FINAL | V10: OTHER
S11: DESIGN | V11: (SPECIFY)
A13: CODE | E13: SYSTEM/SUBSYSTEM | J13: NOTES | U13: TOTAL
A14: A | B14: B | C14: C | D14: D
E15: DIVISION 0-SPECIAL SECTIONS | U15: =SUM('Div 0 Special Sections'!Y30) -> 0
E16: DIVISION 1-GENERAL REQUIREMENTS | U16: =SUM('Div 1 General Requirements'!Y30) -> 0
E17: DIVISION 2-EXISTING CONDITIONS | U17: =SUM('Div 2 Existing Conditions'!Y30) -> 0
E18: DIVISION 3-CONCRETE | U18: =SUM('Div 3 Concrete'!Y30) -> 0
E19: DIVISION 4-MASONRY | U19: =SUM('Div 4 Masonry'!Y30) -> 0
E20: DIVISION 5-METALS | U20: =SUM('Div 5 Metals'!Y30) -> 0
E21: DIVISION 6-WOOD AND PLASTIC | U21: =SUM('Div 6 Wood & Plastic'!Y30) -> 0
E22: DIVISION 7-THERMAL AND MOISTURE PROTECTION | U22: =SUM('Div 7 Thermal & Moisture Protec'!Y30) -> 0
E23: DIVISION 8-DOORS AND WINDOWS | U23: =SUM('Div 8 Doors & Windows'!Y30) -> 0
E24: DIVISION 9-FINISHES | U24: =SUM('Div 9 Finishes'!Y30) -> 0
E25: DIVISION 10-SPECIALTIES | U25: =SUM('Div 10 Specialties'!Y30) -> 0
E26: DIVISION 11-EQUIPMENT | U26: =SUM('Div 11 Equipment'!Y30) -> 0
E27: DIVISION 12-FURNISHINGS | U27: =SUM('Div 12 Furnishings'!Y30) -> 0
E28: DIVISION 13-SPECIAL CONSTRUCTION | U28: =SUM('Div 13 Special Construction'!Y30) -> 0
E29: DIVISION 14-CONVEYING EQUIPMENT | U29: =SUM('Division 14 Conveying Equipment'!Y30) -> 0
E30: DIVISION 21-FIRE SUPPRESSION | U30: =SUM('Div 21 Fire Suppression'!Y30) -> 0
E31: DIVISION 22-PLUMBING | U31: =SUM('Div 22 Plumbing'!Y30) -> 0
E32: DIVISION 23-HEAT, VENTILATING, AND AIR CONDITIONING | U32: =SUM('Div 23 HVAC'!Y40) -> 0
E33: DIVISION 26-ELECTRICAL | U33: =SUM('Div 26 Electrical'!Y34) -> 0
E34: DIVISION 27-COMMUNICATIONS | U34: =SUM('Div 27 Communications'!Y30) -> 0
E35: DIVISION 28-ELECTRONIC SAFETY AND SECURITY | U35: =SUM('Div 28 Electronic Safety & Secu'!Y30) -> 0
E36: DIVISION 31-EARTHWORK | U36: =SUM('Div 31 Earthwork'!Y30) -> 0
E37: DIVISION 32-EXTERIOR IMPROVEMENTS | U37: =SUM('Div 32 Exterior Improvements'!Y30) -> 0
E38: DIVISION 33-UTILITIES | U38: =SUM('Div 33 Utilities'!Y30) -> 0
E39: DIVISION 34-TRANSPORTATION | U39: =SUM('Div 34 Transportation'!Y30) -> 0
N40: SUB-TOTAL | U40: =SUM(U15:X39) -> 0
N41: OVERHEAD | P41: @ | U41: =U40*S41 -> 0
N42: PROFIT | P42: @ | U42: =U40*S42 -> 0
N43: BONDS | P43: @ | U43: =U40*S43 -> 0
N44: PROJECT TOTAL: | U44: =SUM(U40:X43) -> 0

Sheet Div 0 Special Sections
N1: DATE
Q2: SHEET NO. | V2: OF | Y2: SHEETS
A4: PROJECT NO. | F4: LOCATION | L4: PROJECT NAME | Q4: TYPE OF ESTIMATE
S6: NO DESIGN | W6: PRELIMINARY
S7: COMPLETED | W7: DESIGN
A9: ESTIMATOR | G9: NEW | H9: ALT | I9: INDEX NO. | J9: BUILDING NO(S) | N9: DRAWING NO.
S10: FINAL | W10: OTHER
S11: DESIGN | W11: (SPECIFY)
B13: CODE | F13: SYSTEM/SUBSYSTEM | J13: LABOR | N13: MATERIALS
A14: A | B14: B | C14: C | D14: D | J14: QUANTITY | K14: UNIT | L14: $/UNIT | M14: TOTAL | N14: QUANTITY | O14: UNIT | P14: $/UNIT | R14: TOTAL | W14: TOTAL
E15: Division 0 Special Sections
M16: =J16*L16 -> 0 | S16: =N16*P16 -> 0 | Y16: =M16+S16 -> 0
M17: =J17*L17 -> 0 | S17: =N17*P17 -> 0 | Y17: =M17+S17 -> 0
M18: =J18*L18 -> 0 | S18: =N18*P18 -> 0 | Y18: =M18+S18 -> 0
M19: =J19*L19 -> 0 | S19: =N19*P19 -> 0 | Y19: =M19+S19 -> 0
M20: =J20*L20 -> 0 | S20: =N20*P20 -> 0 | Y20: =M20+S20 -> 0
M21: =J21*L21 -> 0 | S21: =N21*P21 -> 0 | Y21: =M21+S21 -> 0
M22: =J22*L22 -> 0 | S22: =N22*P22 -> 0 | Y22: =M22+S22 -> 0
M23: =J23*L23 -> 0 | S23: =N23*P23 -> 0 | Y23: =M23+S23 -> 0
M24: =J24*L24 -> 0 | S24: =N24*P24 -> 0 | Y24: =M24+S24 -> 0
M25: =J25*L25 -> 0 | S25: =N25*P25 -> 0 | Y25: =M25+S25 -> 0
M26: =J26*L26 -> 0 | S26: =N26*P26 -> 0 | Y26: =M26+S26 -> 0
M27: =J27*L27 -> 0 | S27: =N27*P27 -> 0 | Y27: =M27+S27 -> 0
M28: =J28*L28 -> 0 | S28: =N28*P28 -> 0 | Y28: =M28+S28 -> 0
E29: Adjustments: | J29: Local Market Conditions | N29: Small Business Utilization | Y29: =(SUM(Y16:Y28)*(M29+S29)) -> 0
E30: SECTION TOTAL: | Y30: =SUM(Y16:Y29) -> 0

Sheet Div 1 General Requirements
N1: DATE
Q2: SHEET NO. | V2: OF | Y2: SHEETS
A4: PROJECT NO. | F4: LOCATION | L4: PROJECT NAME | Q4: TYPE OF ESTIMATE
S6: NO DESIGN | W6: PRELIMINARY
S7: COMPLETED | W7: DESIGN
A9: ESTIMATOR | G9: NEW | H9: ALT | I9: INDEX NO. | J9: BUILDING NO(S) | N9: DRAWING NO.
S10: FINAL | W10: OTHER
S11: DESIGN | W11: (SPECIFY)
B13: CODE | F13: SYSTEM/SUBSYSTEM | J13: LABOR | N13: MATERIALS
A14: A | B14: B | C14: C | D14: D | J14: QUANTITY | K14: UNIT | L14: $/UNIT | M14: TOTAL | N14: QUANTITY | O14: UNIT | P14: $/UNIT | R14: TOTAL | W14: TOTAL
E15: Divison 1 General Requirements
M16: =J16*L16 -> 0 | S16: =N16*P16 -> 0 | Y16: =M16+S16 -> 0
M17: =J17*L17 -> 0 | S17: =N17*P17 -> 0 | Y17: =M17+S17 -> 0
M18: =J18*L18 -> 0 | S18: =N18*P18 -> 0 | Y18: =M18+S18 -> 0
M19: =J19*L19 -> 0 | S19: =N19*P19 -> 0 | Y19: =M19+S19 -> 0
M20: =J20*L20 -> 0 | S20: =N20*P20 -> 0 | Y20: =M20+S20 -> 0
M21: =J21*L21 -> 0 | S21: =N21*P21 -> 0 | Y21: =M21+S21 -> 0
M22: =J22*L22 -> 0 | S22: =N22*P22 -> 0 | Y22: =M22+S22 -> 0
M23: =J23*L23 -> 0 | S23: =N23*P23 -> 0 | Y23: =M23+S23 -> 0
M24: =J24*L24 -> 0 | S24: =N24*P24 -> 0 | Y24: =M24+S24 -> 0
M25: =J25*L25 -> 0 | S25: =N25*P25 -> 0 | Y25: =M25+S25 -> 0
M26: =J26*L26 -> 0 | S26: =N26*P26 -> 0 | Y26: =M26+S26 -> 0
M27: =J27*L27 -> 0 | S27: =N27*P27 -> 0 | Y27: =M27+S27 -> 0
M28: =J28*L28 -> 0 | S28: =N28*P28 -> 0 | Y28: =M28+S28 -> 0
E29: Adjustments: | J29: Local Market Conditions | M29: 0 | N29: Small Business Utilization | Y29: =(SUM(Y16:Y28)*(M29+S29)) -> 0
E30: SECTION TOTAL: | Y30: =SUM(Y16:Y29) -> 0

Sheet Div 2 Existing Conditions
N1: DATE
Q2: SHEET NO. | V2: OF | Y2: SHEETS
A4: PROJECT NO. | F4: LOCATION | L4: PROJECT NAME | Q4: TYPE OF ESTIMATE
S6: NO DESIGN | W6: PRELIMINARY
S7: COMPLETED | W7: DESIGN
A9: ESTIMATOR | G9: NEW | H9: ALT | I9: INDEX NO. | J9: BUILDING NO(S) | N9: DRAWING NO.
S10: FINAL | W10: OTHER
S11: DESIGN | W11: (SPECIFY)
B13: CODE | F13: SYSTEM/SUBSYSTEM | J13: LABOR | N13: MATERIALS
A14: A | B14: B | C14: C | D14: D | J14: QUANTITY | K14: UNIT | L14: $/UNIT | M14: TOTAL | N14: QUANTITY | O14: UNIT | P14: $/UNIT | R14: TOTAL | W14: TOTAL
E15: Division 2 Existing Conditions
M16: =J16*L16 -> 0 | S16: =N16*P16 -> 0 | Y16: =M16+S16 -> 0
M17: =J17*L17 -> 0 | S17: =N17*P17 -> 0 | Y17: =M17+S17 -> 0
M18: =J18*L18 -> 0 | S18: =N18*P18 -> 0 | Y18: =M18+S18 -> 0
M19: =J19*L19 -> 0 | S19: =N19*P19 -> 0 | Y19: =M19+S19 -> 0
M20: =J20*L20 -> 0 | S20: =N20*P20 -> 0 | Y20: =M20+S20 -> 0
M21: =J21*L21 -> 0 | S21: =N21*P21 -> 0 | Y21: =M21+S21 -> 0
M22: =J22*L22 -> 0 | S22: =N22*P22 -> 0 | Y22: =M22+S22 -> 0
M23: =J23*L23 -> 0 | S23: =N23*P23 -> 0 | Y23: =M23+S23 -> 0
M24: =J24*L24 -> 0 | S24: =N24*P24 -> 0 | Y24: =M24+S24 -> 0
M25: =J25*L25 -> 0 | S25: =N25*P25 -> 0 | Y25: =M25+S25 -> 0
M26: =J26*L26 -> 0 | S26: =N26*P26 -> 0 | Y26: =M26+S26 -> 0
M27: =J27*L27 -> 0 | S27: =N27*P27 -> 0 | Y27: =M27+S27 -> 0
M28: =J28*L28 -> 0 | S28: =N28*P28 -> 0 | Y28: =M28+S28 -> 0
E29: Adjustments: | J29: Local Market Conditions | N29: Small Business Utilization | Y29: =(SUM(Y16:Y28)*(M29+S29)) -> 0
E30: SECTION TOTAL: | Y30: =SUM(Y16:Y29) -> 0

Sheet Div 3 Concrete
N1: DATE
Q2: SHEET NO. | V2: OF | Y2: SHEETS
A4: PROJECT NO. | F4: LOCATION | L4: PROJECT NAME | Q4: TYPE OF ESTIMATE
S6: NO DESIGN | W6: PRELIMINARY
S7: COMPLETED | W7: DESIGN
A9: ESTIMATOR | G9: NEW | H9: ALT | I9: INDEX NO. | J9: BUILDING NO(S) | N9: DRAWING NO.
S10: FINAL | W10: OTHER
S11: DESIGN | W11: (SPECIFY)
B13: CODE | F13: SYSTEM/SUBSYSTEM | J13: LABOR | N13: MATERIALS
A14: A | B14: B | C14: C | D14: D | J14: QUANTITY | K14: UNIT | L14: $/UNIT | M14: TOTAL | N14: QUANTITY | O14: UNIT | P14: $/UNIT | R14: TOTAL | W14: TOTAL
E15: Division 3 Concrete
M17: =J17*L17 -> 0 | S17: =N17*P17 -> 0 | Y17: =M17+S17 -> 0
M18: =J18*L18 -> 0 | S18: =N18*P18 -> 0 | Y18: =M18+S18 -> 0
M19: =J19*L19 -> 0 | S19: =N19*P19 -> 0 | Y19: =M19+S19 -> 0
M20: =J20*L20 -> 0 | S20: =N20*P20 -> 0 | Y20: =M20+S20 -> 0
M21: =J21*L21 -> 0 | S21: =N21*P21 -> 0 | Y21: =M21+S21 -> 0
M22: =J22*L22 -> 0 | S22: =N22*P22 -> 0 | Y22: =M22+S22 -> 0
M23: =J23*L23 -> 0 | S23: =N23*P23 -> 0 | Y23: =M23+S23 -> 0
M24: =J24*L24 -> 0 | S24: =N24*P24 -> 0 | Y24: =M24+S24 -> 0
M25: =J25*L25 -> 0 | S25: =N25*P25 -> 0 | Y25: =M25+S25 -> 0
M26: =J26*L26 -> 0 | S26: =N26*P26 -> 0 | Y26: =M26+S26 -> 0
M27: =J27*L27 -> 0 | S27: =N27*P27 -> 0 | Y27: =M27+S27 -> 0
M28: =J28*L28 -> 0 | S28: =N28*P28 -> 0 | Y28: =M28+S28 -> 0
E29: Adjustments: | J29: Local Market Conditions | N29: Small Business Utilization | Y29: =(SUM(Y16:Y28)*(M29+S29)) -> 0
E30: SECTION TOTAL: | Y30: =SUM(Y16:Y29) -> 0

Sheet Div 4 Masonry
N1: DATE
Q2: SHEET NO. | V2: OF | Y2: SHEETS
A4: PROJECT NO. | F4: LOCATION | L4: PROJECT NAME | Q4: TYPE OF ESTIMATE
S6: NO DESIGN | W6: PRELIMINARY
S7: COMPLETED | W7: DESIGN
A9: ESTIMATOR | G9: NEW | H9: ALT | I9: INDEX NO. | J9: BUILDING NO(S) | N9: DRAWING NO.
S10: FINAL | W10: OTHER
S11: DESIGN | W11: (SPECIFY)
B13: CODE | F13: SYSTEM/SUBSYSTEM | J13: LABOR | N13: MATERIALS
A14: A | B14: B | C14: C | D14: D | J14: QUANTITY | K14: UNIT | L14: $/UNIT | M14: TOTAL | N14: QUANTITY | O14: UNIT | P14: $/UNIT | R14: TOTAL | W14: TOTAL
E15: Division 4 Masonry
M16: =J16*L16 -> 0 | S16: =N16*P16 -> 0 | Y16: =M16+S16 -> 0
M17: =J17*L17 -> 0 | S17: =N17*P17 -> 0 | Y17: =M17+S17 -> 0
M18: =J18*L18 -> 0 | S18: =N18*P18 -> 0 | Y18: =M18+S18 -> 0
M19: =J19*L19 -> 0 | S19: =N19*P19 -> 0 | Y19: =M19+S19 -> 0
M20: =J20*L20 -> 0 | S20: =N20*P20 -> 0 | Y20: =M20+S20 -> 0
M21: =J21*L21 -> 0 | S21: =N21*P21 -> 0 | Y21: =M21+S21 -> 0
M22: =J22*L22 -> 0 | S22: =N22*P22 -> 0 | Y22: =M22+S22 -> 0
M23: =J23*L23 -> 0 | S23: =N23*P23 -> 0 | Y23: =M23+S23 -> 0
M24: =J24*L24 -> 0 | S24: =N24*P24 -> 0 | Y24: =M24+S24 -> 0
M25: =J25*L25 -> 0 | S25: =N25*P25 -> 0 | Y25: =M25+S25 -> 0
M26: =J26*L26 -> 0 | S26: =N26*P26 -> 0 | Y26: =M26+S26 -> 0
M27: =J27*L27 -> 0 | S27: =N27*P27 -> 0 | Y27: =M27+S27 -> 0
M28: =J28*L28 -> 0 | S28: =N28*P28 -> 0 | Y28: =M28+S28 -> 0
E29: Adjustments: | J29: Local Market Conditions | N29: Small Business Utilization | Y29: =(SUM(Y16:Y28)*(M29+S29)) -> 0
E30: SECTION TOTAL: | Y30: =SUM(Y16:Y29) -> 0

Sheet Div 5 Metals
N1: DATE
Q2: SHEET NO. | V2: OF | Y2: SHEETS
A4: PROJECT NO. | F4: LOCATION | L4: PROJECT NAME | Q4: TYPE OF ESTIMATE
S6: NO DESIGN | W6: PRELIMINARY
S7: COMPLETED | W7: DESIGN
A9: ESTIMATOR | G9: NEW | H9: ALT | I9: INDEX NO. | J9: BUILDING NO(S) | N9: DRAWING NO.
S10: FINAL | W10: OTHER
S11: DESIGN | W11: (SPECIFY)
B13: CODE | F13: SYSTEM/SUBSYSTEM | J13: LABOR | N13: MATERIALS
A14: A | B14: B | C14: C | D14: D | J14: QUANTITY | K14: UNIT | L14: $/UNIT | M14: TOTAL | N14: QUANTITY | O14: UNIT | P14: $/UNIT | R14: TOTAL | W14: TOTAL
E15: Division 5 Metals
M16: =J16*L16 -> 0 | S16: =N16*P16 -> 0 | Y16: =M16+S16 -> 0
M17: =J17*L17 -> 0 | S17: =N17*P17 -> 0 | Y17: =M17+S17 -> 0
M18: =J18*L18 -> 0 | S18: =N18*P18 -> 0 | Y18: =M18+S18 -> 0
M19: =J19*L19 -> 0 | S19: =N19*P19 -> 0 | Y19: =M19+S19 -> 0
M20: =J20*L20 -> 0 | S20: =N20*P20 -> 0 | Y20: =M20+S20 -> 0
M21: =J21*L21 -> 0 | S21: =N21*P21 -> 0 | Y21: =M21+S21 -> 0
M22: =J22*L22 -> 0 | S22: =N22*P22 -> 0 | Y22: =M22+S22 -> 0
M23: =J23*L23 -> 0 | S23: =N23*P23 -> 0 | Y23: =M23+S23 -> 0
M24: =J24*L24 -> 0 | S24: =N24*P24 -> 0 | Y24: =M24+S24 -> 0
M25: =J25*L25 -> 0 | S25: =N25*P25 -> 0 | Y25: =M25+S25 -> 0
M26: =J26*L26 -> 0 | S26: =N26*P26 -> 0 | Y26: =M26+S26 -> 0
M27: =J27*L27 -> 0 | S27: =N27*P27 -> 0 | Y27: =M27+S27 -> 0
M28: =J28*L28 -> 0 | S28: =N28*P28 -> 0 | Y28: =M28+S28 -> 0
E29: Adjustments: | J29: Local Market Conditions | N29: Small Business Utilization | S29: 0 | Y29: =(SUM(Y16:Y28)*(M29+S29)) -> 0
E30: SECTION TOTAL: | Y30: =SUM(Y16:Y29) -> 0

Sheet Div 6 Wood & Plastic
N1: DATE
Q2: SHEET NO. | V2: OF | Y2: SHEETS
A4: PROJECT NO. | F4: LOCATION | L4: PROJECT NAME | Q4: TYPE OF ESTIMATE
S6: NO DESIGN | W6: PRELIMINARY
S7: COMPLETED | W7: DESIGN
A9: ESTIMATOR | G9: NEW | H9: ALT | I9: INDEX NO. | J9: BUILDING NO(S) | N9: DRAWING NO.
S10: FINAL | W10: OTHER
S11: DESIGN | W11: (SPECIFY)
B13: CODE | F13: SYSTEM/SUBSYSTEM | J13: LABOR | N13: MATERIALS
A14: A | B14: B | C14: C | D14: D | J14: QUANTITY | K14: UNIT | L14: $/UNIT | M14: TOTAL | N14: QUANTITY | O14: UNIT | P14: $/UNIT | R14: TOTAL | W14: TOTAL
E15: Division 6 Wood & Plastic
M16: =J16*L16 -> 0 | S16: =N16*P16 -> 0 | Y16: =M16+S16 -> 0
M17: =J17*L17 -> 0 | S17: =N17*P17 -> 0 | Y17: =M17+S17 -> 0
M18: =J18*L18 -> 0 | S18: =N18*P18 -> 0 | Y18: =M18+S18 -> 0
M19: =J19*L19 -> 0 | S19: =N19*P19 -> 0 | Y19: =M19+S19 -> 0
M20: =J20*L20 -> 0 | S20: =N20*P20 -> 0 | Y20: =M20+S20 -> 0
M21: =J21*L21 -> 0 | S21: =N21*P21 -> 0 | Y21: =M21+S21 -> 0
M22: =J22*L22 -> 0 | S22: =N22*P22 -> 0 | Y22: =M22+S22 -> 0
M23: =J23*L23 -> 0 | S23: =N23*P23 -> 0 | Y23: =M23+S23 -> 0
M24: =J24*L24 -> 0 | S24: =N24*P24 -> 0 | Y24: =M24+S24 -> 0
M25: =J25*L25 -> 0 | S25: =N25*P25 -> 0 | Y25: =M25+S25 -> 0
M26: =J26*L26 -> 0 | S26: =N26*P26 -> 0 | Y26: =M26+S26 -> 0
M27: =J27*L27 -> 0 | S27: =N27*P27 -> 0 | Y27: =M27+S27 -> 0
M28: =J28*L28 -> 0 | S28: =N28*P28 -> 0 | Y28: =M28+S28 -> 0
E29: Adjustments: | J29: Local Market Conditions | M29: 0 | N29: Small Business Utilization | Y29: =(SUM(Y16:Y28)*(M29+S29)) -> 0
E30: SECTION TOTAL: | Y30: =SUM(Y16:Y29) -> 0

Sheet Div 7 Thermal & Moisture Protec
N1: DATE
Q2: SHEET NO. | V2: OF | Y2: SHEETS
A4: PROJECT NO. | F4: LOCATION | L4: PROJECT NAME | Q4: TYPE OF ESTIMATE
S6: NO DESIGN | W6: PRELIMINARY
S7: COMPLETED | W7: DESIGN
A9: ESTIMATOR | G9: NEW | H9: ALT | I9: INDEX NO. | J9: BUILDING NO(S) | N9: DRAWING NO.
S10: FINAL | W10: OTHER
S11: DESIGN | W11: (SPECIFY)
B13: CODE | F13: SYSTEM/SUBSYSTEM | J13: LABOR | N13: MATERIALS
A14: A | B14: B | C14: C | D14: D | J14: QUANTITY | K14: UNIT | L14: $/UNIT | M14: TOTAL | N14: QUANTITY | O14: UNIT | P14: $/UNIT | R14: TOTAL | W14: TOTAL
E15: Division 7 Thermal & Moisture Protection
M16: =J16*L16 -> 0 | S16: =N16*P16 -> 0 | Y16: =M16+S16 -> 0
M17: =J17*L17 -> 0 | S17: =N17*P17 -> 0 | Y17: =M17+S17 -> 0
M18: =J18*L18 -> 0 | S18: =N18*P18 -> 0 | Y18: =M18+S18 -> 0
M19: =J19*L19 -> 0 | S19: =N19*P19 -> 0 | Y19: =M19+S19 -> 0
M20: =J20*L20 -> 0 | S20: =N20*P20 -> 0 | Y20: =M20+S20 -> 0
M21: =J21*L21 -> 0 | S21: =N21*P21 -> 0 | Y21: =M21+S21 -> 0
M22: =J22*L22 -> 0 | S22: =N22*P22 -> 0 | Y22: =M22+S22 -> 0
M23: =J23*L23 -> 0 | S23: =N23*P23 -> 0 | Y23: =M23+S23 -> 0
M24: =J24*L24 -> 0 | S24: =N24*P24 -> 0 | Y24: =M24+S24 -> 0
M25: =J25*L25 -> 0 | S25: =N25*P25 -> 0 | Y25: =M25+S25 -> 0
M26: =J26*L26 -> 0 | S26: =N26*P26 -> 0 | Y26: =M26+S26 -> 0
M27: =J27*L27 -> 0 | S27: =N27*P27 -> 0 | Y27: =M27+S27 -> 0
M28: =J28*L28 -> 0 | S28: =N28*P28 -> 0 | Y28: =M28+S28 -> 0
E29: Adjustments: | J29: Local Market Conditions | M29: 0 | N29: Small Business Utilization | S29: 0 | Y29: =(SUM(Y16:Y28)*(M29+S29)) -> 0
E30: SECTION TOTAL: | Y30: =SUM(Y16:Y29) -> 0

Sheet Div 8 Doors & Windows
N1: DATE
Q2: SHEET NO. | V2: OF | Y2: SHEETS
A4: PROJECT NO. | F4: LOCATION | L4: PROJECT NAME | Q4: TYPE OF ESTIMATE
S6: NO DESIGN | W6: PRELIMINARY
S7: COMPLETED | W7: DESIGN
A9: ESTIMATOR | G9: NEW | H9: ALT | I9: INDEX NO. | J9: BUILDING NO(S) | N9: DRAWING NO.
S10: FINAL | W10: OTHER
S11: DESIGN | W11: (SPECIFY)
B13: CODE | F13: SYSTEM/SUBSYSTEM | J13: LABOR | N13: MATERIALS
A14: A | B14: B | C14: C | D14: D | J14: QUANTITY | K14: UNIT | L14: $/UNIT | M14: TOTAL | N14: QUANTITY | O14: UNIT | P14: $/UNIT | R14: TOTAL | W14: TOTAL
E15: Division 8 Doors & Windows
M16: =J16*L16 -> 0 | S16: =N16*P16 -> 0 | Y16: =M16+S16 -> 0
M17: =J17*L17 -> 0 | S17: =N17*P17 -> 0 | Y17: =M17+S17 -> 0
M18: =J18*L18 -> 0 | S18: =N18*P18 -> 0 | Y18: =M18+S18 -> 0
M19: =J19*L19 -> 0 | S19: =N19*P19 -> 0 | Y19: =M19+S19 -> 0
M20: =J20*L20 -> 0 | S20: =N20*P20 -> 0 | Y20: =M20+S20 -> 0
M21: =J21*L21 -> 0 | S21: =N21*P21 -> 0 | Y21: =M21+S21 -> 0
M22: =J22*L22 -> 0 | S22: =N22*P22 -> 0 | Y22: =M22+S22 -> 0
M23: =J23*L23 -> 0 | S23: =N23*P23 -> 0 | Y23: =M23+S23 -> 0
M24: =J24*L24 -> 0 | S24: =N24*P24 -> 0 | Y24: =M24+S24 -> 0
M25: =J25*L25 -> 0 | S25: =N25*P25 -> 0 | Y25: =M25+S25 -> 0
M26: =J26*L26 -> 0 | S26: =N26*P26 -> 0 | Y26: =M26+S26 -> 0
M27: =J27*L27 -> 0 | S27: =N27*P27 -> 0 | Y27: =M27+S27 -> 0
M28: =J28*L28 -> 0 | S28: =N28*P28 -> 0 | Y28: =M28+S28 -> 0
E29: Adjustments: | J29: Local Market Conditions | N29: Small Business Utilization | Y29: =(SUM(Y16:Y28)*(M29+S29)) -> 0
E30: SECTION TOTAL: | Y30: =SUM(Y16:Y29) -> 0

Sheet Div 9 Finishes
N1: DATE
Q2: SHEET NO. | V2: OF | Y2: SHEETS
A4: PROJECT NO. | F4: LOCATION | L4: PROJECT NAME | Q4: TYPE OF ESTIMATE
S6: NO DESIGN | W6: PRELIMINARY
S7: COMPLETED | W7: DESIGN
A9: ESTIMATOR | G9: NEW | H9: ALT | I9: INDEX NO. | J9: BUILDING NO(S) | N9: DRAWING NO.
S10: FINAL | W10: OTHER
S11: DESIGN | W11: (SPECIFY)
B13: CODE | F13: SYSTEM/SUBSYSTEM | J13: LABOR | N13: MATERIALS
A14: A | B14: B | C14: C | D14: D | J14: QUANTITY | K14: UNIT | L14: $/UNIT | M14: TOTAL | N14: QUANTITY | O14: UNIT | P14: $/UNIT | R14: TOTAL | W14: TOTAL
E15: Division 9 Finishes
M16: =J16*L16 -> 0 | S16: =N16*P16 -> 0 | Y16: =M16+S16 -> 0
M17: =J17*L17 -> 0 | S17: =N17*P17 -> 0 | Y17: =M17+S17 -> 0
M18: =J18*L18 -> 0 | S18: =N18*P18 -> 0 | Y18: =M18+S18 -> 0
M19: =J19*L19 -> 0 | S19: =N19*P19 -> 0 | Y19: =M19+S19 -> 0
M20: =J20*L20 -> 0 | S20: =N20*P20 -> 0 | Y20: =M20+S20 -> 0
M21: =SUM(J21*L21) -> 0 | S21: =N21*P21 -> 0 | Y21: =M21+S21 -> 0
M22: =SUM(J22*L22) -> 0 | S22: =N22*P22 -> 0 | Y22: =M22+S22 -> 0
M23: =J23*L23 -> 0 | S23: =N23*P23 -> 0 | Y23: =M23+S23 -> 0
M24: =J24*L24 -> 0 | S24: =N24*P24 -> 0 | Y24: =M24+S24 -> 0
M25: =J25*L25 -> 0 | S25: =N25*P25 -> 0 | Y25: =M25+S25 -> 0
M26: =J26*L26 -> 0 | S26: =N26*P26 -> 0 | Y26: =M26+S26 -> 0
M27: =J27*L27 -> 0 | S27: =N27*P27 -> 0 | Y27: =M27+S27 -> 0
M28: =J28*L28 -> 0 | S28: =N28*P28 -> 0 | Y28: =M28+S28 -> 0
E29: Adjustments: | J29: Local Market Conditions | M29: 0.1 | N29: Small Business Utilization | S29: 0 | Y29: =(SUM(Y16:Y28)*(M29+S29)) -> 0
E30: SECTION TOTAL: | Y30: =SUM(Y16:Y29) -> 0

Sheet Div 10 Specialties
N1: DATE
Q2: SHEET NO. | V2: OF | Y2: SHEETS
A4: PROJECT NO. | F4: LOCATION | L4: PROJECT NAME | Q4: TYPE OF ESTIMATE
S6: NO DESIGN | W6: PRELIMINARY
S7: COMPLETED | W7: DESIGN
A9: ESTIMATOR | G9: NEW | H9: ALT | I9: INDEX NO. | J9: BUILDING NO(S) | N9: DRAWING NO.
S10: FINAL | W10: OTHER
S11: DESIGN | W11: (SPECIFY)
B13: CODE | F13: SYSTEM/SUBSYSTEM | J13: LABOR | N13: MATERIALS
A14: A | B14: B | C14: C | D14: D | J14: QUANTITY | K14: UNIT | L14: $/UNIT | M14: TOTAL | N14: QUANTITY | O14: UNIT | P14: $/UNIT | R14: TOTAL | W14: TOTAL
E15: Division 10 Specialties
M16: =J16*L16 -> 0 | S16: =N16*P16 -> 0 | Y16: =M16+S16 -> 0
M17: =J17*L17 -> 0 | S17: =N17*P17 -> 0 | Y17: =M17+S17 -> 0
M18: =J18*L18 -> 0 | S18: =N18*P18 -> 0 | Y18: =M18+S18 -> 0
M19: =J19*L19 -> 0 | S19: =N19*P19 -> 0 | Y19: =M19+S19 -> 0
M20: =J20*L20 -> 0 | S20: =N20*P20 -> 0 | Y20: =M20+S20 -> 0
M21: =SUM(J21*L21) -> 0 | S21: =N21*P21 -> 0 | Y21: =M21+S21 -> 0
M22: =J22*L22 -> 0 | S22: =N22*P22 -> 0 | Y22: =M22+S22 -> 0
M23: =J23*L23 -> 0 | S23: =N23*P23 -> 0 | Y23: =M23+S23 -> 0
M24: =J24*L24 -> 0 | S24: =N24*P24 -> 0 | Y24: =M24+S24 -> 0
M25: =J25*L25 -> 0 | S25: =N25*P25 -> 0 | Y25: =M25+S25 -> 0
M26: =J26*L26 -> 0 | S26: =N26*P26 -> 0 | Y26: =M26+S26 -> 0
M27: =J27*L27 -> 0 | S27: =N27*P27 -> 0 | Y27: =M27+S27 -> 0
M28: =J28*L28 -> 0 | S28: =N28*P28 -> 0 | Y28: =M28+S28 -> 0
E29: Adjustments: | J29: Local Market Conditions | M29: 0 | N29: Small Business Utilization | Y29: =(SUM(Y16:Y28)*(M29+S29)) -> 0
E30: SECTION TOTAL: | Y30: =SUM(Y16:Y29) -> 0

Sheet Div 11 Equipment
N1: DATE
Q2: SHEET NO. | V2: OF | Y2: SHEETS
A4: PROJECT NO. | F4: LOCATION | L4: PROJECT NAME | Q4: TYPE OF ESTIMATE
S6: NO DESIGN | W6: PRELIMINARY
S7: COMPLETED | W7: DESIGN
A9: ESTIMATOR | G9: NEW | H9: ALT | I9: INDEX NO. | J9: BUILDING NO(S) | N9: DRAWING NO.
S10: FINAL | W10: OTHER
S11: DESIGN | W11: (SPECIFY)
B13: CODE | F13: SYSTEM/SUBSYSTEM | J13: LABOR | N13: MATERIALS
A14: A | B14: B | C14: C | D14: D | J14: QUANTITY | K14: UNIT | L14: $/UNIT | M14: TOTAL | N14: QUANTITY | O14: UNIT | P14: $/UNIT | R14: TOTAL | W14: TOTAL
E15: Division 11 Equipment
M16: =J16*L16 -> 0 | S16: =N16*P16 -> 0 | Y16: =M16+S16 -> 0
M17: =J17*L17 -> 0 | S17: =N17*P17 -> 0 | Y17: =M17+S17 -> 0
M18: =J18*L18 -> 0 | S18: =N18*P18 -> 0 | Y18: =M18+S18 -> 0
M19: =J19*L19 -> 0 | S19: =N19*P19 -> 0 | Y19: =M19+S19 -> 0
M20: =J20*L20 -> 0 | S20: =N20*P20 -> 0 | Y20: =M20+S20 -> 0
M21: =J21*L21 -> 0 | S21: =N21*P21 -> 0 | Y21: =M21+S21 -> 0
M22: =J22*L22 -> 0 | S22: =N22*P22 -> 0 | Y22: =M22+S22 -> 0
M23: =J23*L23 -> 0 | S23: =N23*P23 -> 0 | Y23: =M23+S23 -> 0
M24: =J24*L24 -> 0 | S24: =N24*P24 -> 0 | Y24: =M24+S24 -> 0
M25: =J25*L25 -> 0 | S25: =N25*P25 -> 0 | Y25: =M25+S25 -> 0
M26: =J26*L26 -> 0 | S26: =N26*P26 -> 0 | Y26: =M26+S26 -> 0
M27: =J27*L27 -> 0 | S27: =N27*P27 -> 0 | Y27: =M27+S27 -> 0
M28: =J28*L28 -> 0 | S28: =N28*P28 -> 0 | Y28: =M28+S28 -> 0
E29: Adjustments: | J29: Local Market Conditions | N29: Small Business Utilization | S29: 0 | Y29: =(SUM(Y16:Y28)*(M29+S29)) -> 0
E30: SECTION TOTAL: | Y30: =SUM(Y16:Y29) -> 0

Sheet Div 12 Furnishings
N1: DATE
Q2: SHEET NO. | V2: OF | Y2: SHEETS
A4: PROJECT NO. | F4: LOCATION | L4: PROJECT NAME | Q4: TYPE OF ESTIMATE
S6: NO DESIGN | W6: PRELIMINARY
S7: COMPLETED | W7: DESIGN
A9: ESTIMATOR | G9: NEW | H9: ALT | I9: INDEX NO. | J9: BUILDING NO(S) | N9: DRAWING NO.
S10: FINAL | W10: OTHER
S11: DESIGN | W11: (SPECIFY)
B13: CODE | F13: SYSTEM/SUBSYSTEM | J13: LABOR | N13: MATERIALS
A14: A | B14: B | C14: C | D14: D | J14: QUANTITY | K14: UNIT | L14: $/UNIT | M14: TOTAL | N14: QUANTITY | O14: UNIT | P14: $/UNIT | R14: TOTAL | W14: TOTAL
E15: Division 12 Furnishings
M16: =J16*L16 -> 0 | S16: =N16*P16 -> 0 | Y16: =M16+S16 -> 0
M17: =J17*L17 -> 0 | S17: =N17*P17 -> 0 | Y17: =M17+S17 -> 0
M18: =J18*L18 -> 0 | S18: =N18*P18 -> 0 | Y18: =M18+S18 -> 0
M19: =J19*L19 -> 0 | S19: =N19*P19 -> 0 | Y19: =M19+S19 -> 0
M20: =J20*L20 -> 0 | S20: =N20*P20 -> 0 | Y20: =M20+S20 -> 0
M21: =J21*L21 -> 0 | S21: =N21*P21 -> 0 | Y21: =M21+S21 -> 0
M22: =J22*L22 -> 0 | S22: =N22*P22 -> 0 | Y22: =M22+S22 -> 0
M23: =J23*L23 -> 0 | S23: =N23*P23 -> 0 | Y23: =M23+S23 -> 0
M24: =J24*L24 -> 0 | S24: =N24*P24 -> 0 | Y24: =M24+S24 -> 0
M25: =J25*L25 -> 0 | S25: =N25*P25 -> 0 | Y25: =M25+S25 -> 0
M26: =J26*L26 -> 0 | S26: =N26*P26 -> 0 | Y26: =M26+S26 -> 0
M27: =J27*L27 -> 0 | S27: =N27*P27 -> 0 | Y27: =M27+S27 -> 0
M28: =J28*L28 -> 0 | S28: =N28*P28 -> 0 | Y28: =M28+S28 -> 0
E29: Adjustments: | J29: Local Market Conditions | M29: 0 | N29: Small Business Utilization | Y29: =(SUM(Y16:Y28)*(M29+S29)) -> 0
E30: SECTION TOTAL: | Y30: =SUM(Y16:Y29) -> 0

Sheet Div 13 Special Construction
N1: DATE
Q2: SHEET NO. | V2: OF | Y2: SHEETS
A4: PROJECT NO. | F4: LOCATION | L4: PROJECT NAME | Q4: TYPE OF ESTIMATE
S6: NO DESIGN | W6: PRELIMINARY
S7: COMPLETED | W7: DESIGN
A9: ESTIMATOR | G9: NEW | H9: ALT | I9: INDEX NO. | J9: BUILDING NO(S) | N9: DRAWING NO.
S10: FINAL | W10: OTHER
S11: DESIGN | W11: (SPECIFY)
B13: CODE | F13: SYSTEM/SUBSYSTEM | J13: LABOR | N13: MATERIALS
A14: A | B14: B | C14: C | D14: D | J14: QUANTITY | K14: UNIT | L14: $/UNIT | M14: TOTAL | N14: QUANTITY | O14: UNIT | P14: $/UNIT | R14: TOTAL | W14: TOTAL
E15: Division 13 Special Construction
M16: =J16*L16 -> 0 | S16: =N16*P16 -> 0 | Y16: =M16+S16 -> 0
M17: =J17*L17 -> 0 | S17: =N17*P17 -> 0 | Y17: =M17+S17 -> 0
M18: =J18*L18 -> 0 | S18: =N18*P18 -> 0 | Y18: =M18+S18 -> 0
M19: =J19*L19 -> 0 | S19: =N19*P19 -> 0 | Y19: =M19+S19 -> 0
M20: =J20*L20 -> 0 | S20: =N20*P20 -> 0 | Y20: =M20+S20 -> 0
M21: =J21*L21 -> 0 | S21: =N21*P21 -> 0 | Y21: =M21+S21 -> 0
M22: =J22*L22 -> 0 | S22: =N22*P22 -> 0 | Y22: =M22+S22 -> 0
M23: =J23*L23 -> 0 | S23: =N23*P23 -> 0 | Y23: =M23+S23 -> 0
M24: =J24*L24 -> 0 | S24: =N24*P24 -> 0 | Y24: =M24+S24 -> 0
M25: =J25*L25 -> 0 | S25: =N25*P25 -> 0 | Y25: =M25+S25 -> 0
M26: =J26*L26 -> 0 | S26: =N26*P26 -> 0 | Y26: =M26+S26 -> 0
M27: =J27*L27 -> 0 | S27: =N27*P27 -> 0 | Y27: =M27+S27 -> 0
M28: =J28*L28 -> 0 | S28: =N28*P28 -> 0 | Y28: =M28+S28 -> 0
E29: Adjustments: | J29: Local Market Conditions | N29: Small Business Utilization | Y29: =(SUM(Y16:Y28)*(M29+S29)) -> 0
E30: SECTION TOTAL: | Y30: =SUM(Y16:Y29) -> 0

Sheet Division 14 Conveying Equipment
N1: DATE
Q2: SHEET NO. | V2: OF | Y2: SHEETS
A4: PROJECT NO. | F4: LOCATION | L4: PROJECT NAME | Q4: TYPE OF ESTIMATE
S6: NO DESIGN | W6: PRELIMINARY
S7: COMPLETED | W7: DESIGN
A9: ESTIMATOR | G9: NEW | H9: ALT | I9: INDEX NO. | J9: BUILDING NO(S) | N9: DRAWING NO.
S10: FINAL | W10: OTHER
S11: DESIGN | W11: (SPECIFY)
B13: CODE | F13: SYSTEM/SUBSYSTEM | J13: LABOR | N13: MATERIALS
A14: A | B14: B | C14: C | D14: D | J14: QUANTITY | K14: UNIT | L14: $/UNIT | M14: TOTAL | N14: QUANTITY | O14: UNIT | P14: $/UNIT | R14: TOTAL | W14: TOTAL
E15: Division 14 Conveying Equipment
M16: =J16*L16 -> 0 | S16: =N16*P16 -> 0 | Y16: =M16+S16 -> 0
M17: =J17*L17 -> 0 | S17: =N17*P17 -> 0 | Y17: =M17+S17 -> 0
M18: =J18*L18 -> 0 | S18: =N18*P18 -> 0 | Y18: =M18+S18 -> 0
M19: =J19*L19 -> 0 | S19: =N19*P19 -> 0 | Y19: =M19+S19 -> 0
M20: =J20*L20 -> 0 | S20: =N20*P20 -> 0 | Y20: =M20+S20 -> 0
M21: =J21*L21 -> 0 | S21: =N21*P21 -> 0 | Y21: =M21+S21 -> 0
M22: =J22*L22 -> 0 | S22: =N22*P22 -> 0 | Y22: =M22+S22 -> 0
M23: =J23*L23 -> 0 | S23: =N23*P23 -> 0 | Y23: =M23+S23 -> 0
M24: =J24*L24 -> 0 | S24: =N24*P24 -> 0 | Y24: =M24+S24 -> 0
M25: =J25*L25 -> 0 | S25: =N25*P25 -> 0 | Y25: =M25+S25 -> 0
M26: =J26*L26 -> 0 | S26: =N26*P26 -> 0 | Y26: =M26+S26 -> 0
M27: =J27*L27 -> 0 | S27: =N27*P27 -> 0 | Y27: =M27+S27 -> 0
M28: =J28*L28 -> 0 | S28: =N28*P28 -> 0 | Y28: =M28+S28 -> 0
E29: Adjustments: | J29: Local Market Conditions | M29: 0 | N29: Small Business Utilization | Y29: =(SUM(Y16:Y28)*(M29+S29)) -> 0
E30: SECTION TOTAL: | Y30: =SUM(Y16:Y29) -> 0

Sheet Div 21 Fire Suppression
N1: DATE
Q2: SHEET NO. | V2: OF | Y2: SHEETS
A4: PROJECT NO. | F4: LOCATION | L4: PROJECT NAME | Q4: TYPE OF ESTIMATE
S6: NO DESIGN | W6: PRELIMINARY
S7: COMPLETED | W7: DESIGN
A9: ESTIMATOR | G9: NEW | H9: ALT | I9: INDEX NO. | J9: BUILDING NO(S) | N9: DRAWING NO.
S10: FINAL | W10: OTHER
S11: DESIGN | W11: (SPECIFY)
B13: CODE | F13: SYSTEM/SUBSYSTEM | J13: LABOR | N13: MATERIALS
A14: A | B14: B | C14: C | D14: D | J14: QUANTITY | K14: UNIT | L14: $/UNIT | M14: TOTAL | N14: QUANTITY | O14: UNIT | P14: $/UNIT | R14: TOTAL | W14: TOTAL
E15: Division 21 Fire Suppression
M16: =J16*L16 -> 0 | S16: =N16*P16 -> 0 | Y16: =M16+S16 -> 0
M17: =J17*L17 -> 0 | S17: =N17*P17 -> 0 | Y17: =M17+S17 -> 0
M18: =J18*L18 -> 0 | S18: =N18*P18 -> 0 | Y18: =M18+S18 -> 0
M19: =J19*L19 -> 0 | S19: =N19*P19 -> 0 | Y19: =M19+S19 -> 0
M20: =J20*L20 -> 0 | S20: =N20*P20 -> 0 | Y20: =M20+S20 -> 0
M21: =J21*L21 -> 0 | S21: =N21*P21 -> 0 | Y21: =M21+S21 -> 0
M22: =J22*L22 -> 0 | S22: =N22*P22 -> 0 | Y22: =M22+S22 -> 0
M23: =J23*L23 -> 0 | S23: =N23*P23 -> 0 | Y23: =M23+S23 -> 0
M24: =J24*L24 -> 0 | S24: =N24*P24 -> 0 | Y24: =M24+S24 -> 0
M25: =J25*L25 -> 0 | S25: =N25*P25 -> 0 | Y25: =M25+S25 -> 0
M26: =J26*L26 -> 0 | S26: =N26*P26 -> 0 | Y26: =M26+S26 -> 0
M27: =J27*L27 -> 0 | S27: =N27*P27 -> 0 | Y27: =M27+S27 -> 0
M28: =J28*L28 -> 0 | S28: =N28*P28 -> 0 | Y28: =M28+S28 -> 0
E29: Adjustments: | J29: Local Market Conditions | N29: Small Business Utilization | S29: 0 | Y29: =(SUM(Y16:Y28)*(M29+S29)) -> 0
E30: SECTION TOTAL: | Y30: =SUM(Y16:Y29) -> 0

Sheet Div 22 Plumbing
N1: DATE
Q2: SHEET NO. | V2: OF | Y2: SHEETS
A4: PROJECT NO. | F4: LOCATION | L4: PROJECT NAME | Q4: TYPE OF ESTIMATE
S6: NO DESIGN | W6: PRELIMINARY
S7: COMPLETED | W7: DESIGN
A9: ESTIMATOR | G9: NEW | H9: ALT | I9: INDEX NO. | J9: BUILDING NO(S) | N9: DRAWING NO.
S10: FINAL | W10: OTHER
S11: DESIGN | W11: (SPECIFY)
B13: CODE | F13: SYSTEM/SUBSYSTEM | J13: LABOR | N13: MATERIALS
A14: A | B14: B | C14: C | D14: D | J14: QUANTITY | K14: UNIT | L14: $/UNIT | M14: TOTAL | N14: QUANTITY | O14: UNIT | P14: $/UNIT | R14: TOTAL | W14: TOTAL
E15: Division 22 Plumbing
M16: =J16*L16 -> 0 | S16: =N16*P16 -> 0 | Y16: =M16+S16 -> 0
M17: =J17*L17 -> 0 | S17: =N17*P17 -> 0 | Y17: =M17+S17 -> 0
M18: =J18*L18 -> 0 | S18: =N18*P18 -> 0 | Y18: =M18+S18 -> 0
M19: =J19*L19 -> 0 | S19: =N19*P19 -> 0 | Y19: =M19+S19 -> 0
M20: =J20*L20 -> 0 | S20: =N20*P20 -> 0 | Y20: =M20+S20 -> 0
M21: =J21*L21 -> 0 | S21: =N21*P21 -> 0 | Y21: =M21+S21 -> 0
M22: =J22*L22 -> 0 | S22: =N22*P22 -> 0 | Y22: =M22+S22 -> 0
M23: =J23*L23 -> 0 | S23: =N23*P23 -> 0 | Y23: =M23+S23 -> 0
M24: =J24*L24 -> 0 | S24: =N24*P24 -> 0 | Y24: =M24+S24 -> 0
M25: =J25*L25 -> 0 | S25: =N25*P25 -> 0 | Y25: =M25+S25 -> 0
M26: =J26*L26 -> 0 | S26: =N26*P26 -> 0 | Y26: =M26+S26 -> 0
M27: =J27*L27 -> 0 | S27: =N27*P27 -> 0 | Y27: =M27+S27 -> 0
M28: =J28*L28 -> 0 | S28: =N28*P28 -> 0 | Y28: =M28+S28 -> 0
E29: Adjustments: | J29: Local Market Conditions | M29: 0 | N29: Small Business Utilization | Y29: =(SUM(Y16:Y28)*(M29+S29)) -> 0
E30: SECTION TOTAL: | Y30: =SUM(Y16:Y29) -> 0

Sheet Div 23 HVAC
N1: DATE
Q2: SHEET NO. | V2: OF | Y2: SHEETS
A4: PROJECT NO. | F4: LOCATION | L4: PROJECT NAME | Q4: TYPE OF ESTIMATE
S6: NO DESIGN | W6: PRELIMINARY
S7: COMPLETED | W7: DESIGN
A9: ESTIMATOR | G9: NEW | H9: ALT | I9: INDEX NO. | J9: BUILDING NO(S) | N9: DRAWING NO.
S10: FINAL | W10: OTHER
S11: DESIGN | W11: (SPECIFY)
B13: CODE | F13: SYSTEM/SUBSYSTEM | J13: LABOR | N13: MATERIALS
A14: A | B14: B | C14: C | D14: D | J14: QUANTITY | K14: UNIT | L14: $/UNIT | M14: TOTAL | N14: QUANTITY | O14: UNIT | P14: $/UNIT | R14: TOTAL | W14: TOTAL
E15: Division 23 Heat, Ventilating, and Air Conditioning
M16: =J16*L16 -> 0 | S16: =N16*P16 -> 0 | Y16: =M16+S16 -> 0
M17: =J17*L17 -> 0 | S17: =N17*P17 -> 0 | Y17: =M17+S17 -> 0
M18: =J18*L18 -> 0 | S18: =N18*P18 -> 0 | Y18: =M18+S18 -> 0
M19: =J19*L19 -> 0 | S19: =N19*P19 -> 0 | Y19: =M19+S19 -> 0
M20: =J20*L20 -> 0 | S20: =N20*P20 -> 0 | Y20: =M20+S20 -> 0
M21: =J21*L21 -> 0 | S21: =N21*P21 -> 0 | Y21: =M21+S21 -> 0
M22: =J22*L22 -> 0 | S22: =N22*P22 -> 0 | Y22: =M22+S22 -> 0
M23: =J23*L23 -> 0 | S23: =N23*P23 -> 0 | Y23: =M23+S23 -> 0
M24: =J24*L24 -> 0 | S24: =N24*P24 -> 0 | Y24: =M24+S24 -> 0
M25: =J25*L25 -> 0 | S25: =N25*P25 -> 0 | Y25: =M25+S25 -> 0
M26: =J26*L26 -> 0 | S26: =N26*P26 -> 0 | Y26: =M26+S26 -> 0
M27: =J27*L27 -> 0 | S27: =N27*P27 -> 0 | Y27: =M27+S27 -> 0
... M38: =J38*L38 -> 0 | S38: =N38*P38 -> 0 | Y38: =M38+S38 -> 0
E39: Adjustments: | J39: Local Market Conditions | N39: Small Business Utilization | Y39: =(SUM(Y16:Y38)*(M39+S39)) -> 0
E40: SECTION TOTAL: | Y40: =SUM(Y16:Y39) -> 0

Sheet Div 26 Electrical
N1: DATE
Q2: SHEET NO. | V2: OF | Y2: SHEETS
A4: PROJECT NO. | F4: LOCATION | L4: PROJECT NAME | Q4: TYPE OF ESTIMATE
S6: NO DESIGN | W6: PRELIMINARY
S7: COMPLETED | W7: DESIGN
A9: ESTIMATOR | G9: NEW | H9: ALT | I9: INDEX NO. | J9: BUILDING NO(S) | N9: DRAWING NO.
S10: FINAL | W10: OTHER
S11: DESIGN | W11: (SPECIFY)
B13: CODE | F13: SYSTEM/SUBSYSTEM | J13: LABOR | N13: MATERIALS
A14: A | B14: B | C14: C | D14: D | J14: QUANTITY | K14: UNIT | L14: $/UNIT | M14: TOTAL | N14: QUANTITY | O14: UNIT | P14: $/UNIT | R14: TOTAL | W14: TOTAL
E15: Division 26 Electrical
M16: =J16*L16 -> 0 | S16: =N16*P16 -> 0 | Y16: =M16+S16 -> 0
M17: =J17*L17 -> 0 | S17: =N17*P17 -> 0 | Y17: =M17+S17 -> 0
M18: =J18*L18 -> 0 | S18: =N18*P18 -> 0 | Y18: =M18+S18 -> 0
M19: =J19*L19 -> 0 | S19: =N19*P19 -> 0 | Y19: =M19+S19 -> 0
M20: =J20*L20 -> 0 | S20: =N20*P20 -> 0 | Y20: =M20+S20 -> 0
M21: =J21*L21 -> 0 | S21: =N21*P21 -> 0 | Y21: =M21+S21 -> 0
M22: =J22*L22 -> 0 | S22: =N22*P22 -> 0 | Y22: =M22+S22 -> 0
M23: =J23*L23 -> 0 | S23: =N23*P23 -> 0 | Y23: =M23+S23 -> 0
M24: =J24*L24 -> 0 | S24: =N24*P24 -> 0 | Y24: =M24+S24 -> 0
M25: =J25*L25 -> 0 | S25: =N25*P25 -> 0 | Y25: =M25+S25 -> 0
M26: =J26*L26 -> 0 | S26: =N26*P26 -> 0 | Y26: =M26+S26 -> 0
M27: =J27*L27 -> 0 | S27: =N27*P27 -> 0 | Y27: =M27+S27 -> 0
... M32: =J32*L32 -> 0 | S32: =N32*P32 -> 0 | Y32: =M32+S32 -> 0
E33: Adjustments: | J33: Local Market Conditions | N33: Small Business Utilization | Y33: =(SUM(Y16:Y32)*(M33+S33)) -> 0
E34: SECTION TOTAL: | Y34: =SUM(Y16:Y33) -> 0

Sheet Div 27 Communications
N1: DATE
Q2: SHEET NO. | V2: OF | Y2: SHEETS
A4: PROJECT NO. | F4: LOCATION | L4: PROJECT NAME | Q4: TYPE OF ESTIMATE
S6: NO DESIGN | W6: PRELIMINARY
S7: COMPLETED | W7: DESIGN
A9: ESTIMATOR | G9: NEW | H9: ALT | I9: INDEX NO. | J9: BUILDING NO(S) | N9: DRAWING NO.
S10: FINAL | W10: OTHER
S11: DESIGN | W11: (SPECIFY)
B13: CODE | F13: SYSTEM/SUBSYSTEM | J13: LABOR | N13: MATERIALS
A14: A | B14: B | C14: C | D14: D | J14: QUANTITY | K14: UNIT | L14: $/UNIT | M14: TOTAL | N14: QUANTITY | O14: UNIT | P14: $/UNIT | R14: TOTAL | W14: TOTAL
E15: Division 27 Communications
M16: =J16*L16 -> 0 | S16: =N16*P16 -> 0 | Y16: =M16+S16 -> 0
M17: =J17*L17 -> 0 | S17: =N17*P17 -> 0 | Y17: =M17+S17 -> 0
M18: =J18*L18 -> 0 | S18: =N18*P18 -> 0 | Y18: =M18+S18 -> 0
M19: =J19*L19 -> 0 | S19: =N19*P19 -> 0 | Y19: =M19+S19 -> 0
M20: =J20*L20 -> 0 | S20: =N20*P20 -> 0 | Y20: =M20+S20 -> 0
M21: =J21*L21 -> 0 | S21: =N21*P21 -> 0 | Y21: =M21+S21 -> 0
M22: =J22*L22 -> 0 | S22: =N22*P22 -> 0 | Y22: =M22+S22 -> 0
M23: =J23*L23 -> 0 | S23: =N23*P23 -> 0 | Y23: =M23+S23 -> 0
M24: =J24*L24 -> 0 | S24: =N24*P24 -> 0 | Y24: =M24+S24 -> 0
M25: =J25*L25 -> 0 | S25: =N25*P25 -> 0 | Y25: =M25+S25 -> 0
M26: =J26*L26 -> 0 | S26: =N26*P26 -> 0 | Y26: =M26+S26 -> 0
M27: =J27*L27 -> 0 | S27: =N27*P27 -> 0 | Y27: =M27+S27 -> 0
M28: =J28*L28 -> 0 | S28: =N28*P28 -> 0 | Y28: =M28+S28 -> 0
E29: Adjustments: | J29: Local Market Conditions | M29: 0 | N29: Small Business Utilization | Y29: =(SUM(Y16:Y28)*(M29+S29)) -> 0
E30: SECTION TOTAL: | Y30: =SUM(Y16:Y29) -> 0

Sheet Div 28 Electronic Safety & Secu
N1: DATE
Q2: SHEET NO. | V2: OF | Y2: SHEETS
A4: PROJECT NO. | F4: LOCATION | L4: PROJECT NAME | Q4: TYPE OF ESTIMATE
S6: NO DESIGN | W6: PRELIMINARY
S7: COMPLETED | W7: DESIGN
A9: ESTIMATOR | G9: NEW | H9: ALT | I9: INDEX NO. | J9: BUILDING NO(S) | N9: DRAWING NO.
S10: FINAL | W10: OTHER
S11: DESIGN | W11: (SPECIFY)
B13: CODE | F13: SYSTEM/SUBSYSTEM | J13: LABOR | N13: MATERIALS
A14: A | B14: B | C14: C | D14: D | J14: QUANTITY | K14: UNIT | L14: $/UNIT | M14: TOTAL | N14: QUANTITY | O14: UNIT | P14: $/UNIT | R14: TOTAL | W14: TOTAL
E15: Division 28 Electronic Safety & Security
M16: =J16*L16 -> 0 | S16: =N16*P16 -> 0 | Y16: =M16+S16 -> 0
M17: =J17*L17 -> 0 | S17: =N17*P17 -> 0 | Y17: =M17+S17 -> 0
M18: =J18*L18 -> 0 | S18: =N18*P18 -> 0 | Y18: =M18+S18 -> 0
M19: =J19*L19 -> 0 | S19: =N19*P19 -> 0 | Y19: =M19+S19 -> 0
M20: =J20*L20 -> 0 | S20: =N20*P20 -> 0 | Y20: =M20+S20 -> 0
M21: =J21*L21 -> 0 | S21: =N21*P21 -> 0 | Y21: =M21+S21 -> 0
M22: =J22*L22 -> 0 | S22: =N22*P22 -> 0 | Y22: =M22+S22 -> 0
M23: =J23*L23 -> 0 | S23: =N23*P23 -> 0 | Y23: =M23+S23 -> 0
M24: =J24*L24 -> 0 | S24: =N24*P24 -> 0 | Y24: =M24+S24 -> 0
M25: =J25*L25 -> 0 | S25: =N25*P25 -> 0 | Y25: =M25+S25 -> 0
M26: =J26*L26 -> 0 | S26: =N26*P26 -> 0 | Y26: =M26+S26 -> 0
M27: =J27*L27 -> 0 | S27: =N27*P27 -> 0 | Y27: =M27+S27 -> 0
M28: =J28*L28 -> 0 | S28: =N28*P28 -> 0 | Y28: =M28+S28 -> 0
E29: Adjustments: | J29: Local Market Conditions | M29: 0 | N29: Small Business Utilization | Y29: =(SUM(Y16:Y28)*(M29+S29)) -> 0
E30: SECTION TOTAL: | Y30: =SUM(Y16:Y29) -> 0

Sheet Div 31 Earthwork
N1: DATE
Q2: SHEET NO. | V2: OF | Y2: SHEETS
A4: PROJECT NO. | F4: LOCATION | L4: PROJECT NAME | Q4: TYPE OF ESTIMATE
S6: NO DESIGN | W6: PRELIMINARY
S7: COMPLETED | W7: DESIGN
A9: ESTIMATOR | G9: NEW | H9: ALT | I9: INDEX NO. | J9: BUILDING NO(S) | N9: DRAWING NO.
S10: FINAL | W10: OTHER
S11: DESIGN | W11: (SPECIFY)
B13: CODE | F13: SYSTEM/SUBSYSTEM | J13: LABOR | N13: MATERIALS
A14: A | B14: B | C14: C | D14: D | J14: QUANTITY | K14: UNIT | L14: $/UNIT | M14: TOTAL | N14: QUANTITY | O14: UNIT | P14: $/UNIT | R14: TOTAL | W14: TOTAL
E15: Division 31 Earthwork
M16: =J16*L16 -> 0 | S16: =N16*P16 -> 0 | Y16: =M16+S16 -> 0
M17: =J17*L17 -> 0 | S17: =N17*P17 -> 0 | Y17: =M17+S17 -> 0
M18: =J18*L18 -> 0 | S18: =N18*P18 -> 0 | Y18: =M18+S18 -> 0
M19: =J19*L19 -> 0 | S19: =N19*P19 -> 0 | Y19: =M19+S19 -> 0
M20: =J20*L20 -> 0 | S20: =N20*P20 -> 0 | Y20: =M20+S20 -> 0
M21: =J21*L21 -> 0 | S21: =N21*P21 -> 0 | Y21: =M21+S21 -> 0
M22: =J22*L22 -> 0 | S22: =N22*P22 -> 0 | Y22: =M22+S22 -> 0
M23: =J23*L23 -> 0 | S23: =N23*P23 -> 0 | Y23: =M23+S23 -> 0
M24: =J24*L24 -> 0 | S24: =N24*P24 -> 0 | Y24: =M24+S24 -> 0
M25: =J25*L25 -> 0 | S25: =N25*P25 -> 0 | Y25: =M25+S25 -> 0
M26: =J26*L26 -> 0 | S26: =N26*P26 -> 0 | Y26: =M26+S26 -> 0
M27: =J27*L27 -> 0 | S27: =N27*P27 -> 0 | Y27: =M27+S27 -> 0
M28: =J28*L28 -> 0 | S28: =N28*P28 -> 0 | Y28: =M28+S28 -> 0
E29: Adjustments: | J29: Local Market Conditions | M29: 0 | N29: Small Business Utilization | Y29: =(SUM(Y16:Y28)*(M29+S29)) -> 0
E30: SECTION TOTAL: | Y30: =SUM(Y16:Y29) -> 0

Sheet Div 32 Exterior Improvements
N1: DATE
Q2: SHEET NO. | V2: OF | Y2: SHEETS
A4: PROJECT NO. | F4: LOCATION | L4: PROJECT NAME | Q4: TYPE OF ESTIMATE
S6: NO DESIGN | W6: PRELIMINARY
S7: COMPLETED | W7: DESIGN
A9: ESTIMATOR | G9: NEW | H9: ALT | I9: INDEX NO. | J9: BUILDING NO(S) | N9: DRAWING NO.
S10: FINAL | W10: OTHER
S11: DESIGN | W11: (SPECIFY)
B13: CODE | F13: SYSTEM/SUBSYSTEM | J13: LABOR | N13: MATERIALS
A14: A | B14: B | C14: C | D14: D | J14: QUANTITY | K14: UNIT | L14: $/UNIT | M14: TOTAL | N14: QUANTITY | O14: UNIT | P14: $/UNIT | R14: TOTAL | W14: TOTAL
E15: Division 32 Exterior Improvements
M16: =J16*L16 -> 0 | S16: =N16*P16 -> 0 | Y16: =M16+S16 -> 0
M17: =J17*L17 -> 0 | S17: =N17*P17 -> 0 | Y17: =M17+S17 -> 0
M18: =J18*L18 -> 0 | S18: =N18*P18 -> 0 | Y18: =M18+S18 -> 0
M19: =J19*L19 -> 0 | S19: =N19*P19 -> 0 | Y19: =M19+S19 -> 0
M20: =J20*L20 -> 0 | S20: =N20*P20 -> 0 | Y20: =M20+S20 -> 0
M21: =J21*L21 -> 0 | S21: =N21*P21 -> 0 | Y21: =M21+S21 -> 0
M22: =J22*L22 -> 0 | S22: =N22*P22 -> 0 | Y22: =M22+S22 -> 0
M23: =J23*L23 -> 0 | S23: =N23*P23 -> 0 | Y23: =M23+S23 -> 0
M24: =J24*L24 -> 0 | S24: =N24*P24 -> 0 | Y24: =M24+S24 -> 0
M25: =J25*L25 -> 0 | S25: =N25*P25 -> 0 | Y25: =M25+S25 -> 0
M26: =J26*L26 -> 0 | S26: =N26*P26 -> 0 | Y26: =M26+S26 -> 0
M27: =J27*L27 -> 0 | S27: =N27*P27 -> 0 | Y27: =M27+S27 -> 0
M28: =J28*L28 -> 0 | S28: =N28*P28 -> 0 | Y28: =M28+S28 -> 0
E29: Adjustments: | J29: Local Market Conditions | M29: 0 | N29: Small Business Utilization | S29: 0 | Y29: =(SUM(Y16:Y28)*(M29+S29)) -> 0
E30: SECTION TOTAL: | Y30: =SUM(Y16:Y29) -> 0

Sheet Div 33 Utilities
N1: DATE
Q2: SHEET NO. | V2: OF | Y2: SHEETS
A4: PROJECT NO. | F4: LOCATION | L4: PROJECT NAME | Q4: TYPE OF ESTIMATE
S6: NO DESIGN | W6: PRELIMINARY
S7: COMPLETED | W7: DESIGN
A9: ESTIMATOR | G9: NEW | H9: ALT | I9: INDEX NO. | J9: BUILDING NO(S) | N9: DRAWING NO.
S10: FINAL | W10: OTHER
S11: DESIGN | W11: (SPECIFY)
B13: CODE | F13: SYSTEM/SUBSYSTEM | J13: LABOR | N13: MATERIALS
A14: A | B14: B | C14: C | D14: D | J14: QUANTITY | K14: UNIT | L14: $/UNIT | M14: TOTAL | N14: QUANTITY | O14: UNIT | P14: $/UNIT | R14: TOTAL | W14: TOTAL
E15: Division 33 Utilities
M16: =J16*L16 -> 0 | S16: =N16*P16 -> 0 | Y16: =M16+S16 -> 0
M17: =J17*L17 -> 0 | S17: =N17*P17 -> 0 | Y17: =M17+S17 -> 0
M18: =J18*L18 -> 0 | S18: =N18*P18 -> 0 | Y18: =M18+S18 -> 0
M19: =J19*L19 -> 0 | S19: =N19*P19 -> 0 | Y19: =M19+S19 -> 0
M20: =J20*L20 -> 0 | S20: =N20*P20 -> 0 | Y20: =M20+S20 -> 0
M21: =J21*L21 -> 0 | S21: =N21*P21 -> 0 | Y21: =M21+S21 -> 0
M22: =J22*L22 -> 0 | S22: =N22*P22 -> 0 | Y22: =M22+S22 -> 0
M23: =J23*L23 -> 0 | S23: =N23*P23 -> 0 | Y23: =M23+S23 -> 0
M24: =J24*L24 -> 0 | S24: =N24*P24 -> 0 | Y24: =M24+S24 -> 0
M25: =J25*L25 -> 0 | S25: =N25*P25 -> 0 | Y25: =M25+S25 -> 0
M26: =J26*L26 -> 0 | S26: =N26*P26 -> 0 | Y26: =M26+S26 -> 0
M27: =J27*L27 -> 0 | S27: =N27*P27 -> 0 | Y27: =M27+S27 -> 0
M28: =J28*L28 -> 0 | S28: =N28*P28 -> 0 | Y28: =M28+S28 -> 0
E29: Adjustments: | J29: Local Market Conditions | M29: 0 | N29: Small Business Utilization | S29: 0 | Y29: =(SUM(Y16:Y28)*(M29+S29)) -> 0
E30: SECTION TOTAL: | Y30: =SUM(Y16:Y29) -> 0

Sheet Div 34 Transportation
N1: DATE
Q2: SHEET NO. | V2: OF | Y2: SHEETS
A4: PROJECT NO. | F4: LOCATION | L4: PROJECT NAME | Q4: TYPE OF ESTIMATE
S6: NO DESIGN | W6: PRELIMINARY
S7: COMPLETED | W7: DESIGN
A9: ESTIMATOR | G9: NEW | H9: ALT | I9: INDEX NO. | J9: BUILDING NO(S) | N9: DRAWING NO.
S10: FINAL | W10: OTHER
S11: DESIGN | W11: (SPECIFY)
B13: CODE | F13: SYSTEM/SUBSYSTEM | J13: LABOR | N13: MATERIALS
A14: A | B14: B | C14: C | D14: D | J14: QUANTITY | K14: UNIT | L14: $/UNIT | M14: TOTAL | N14: QUANTITY | O14: UNIT | P14: $/UNIT | R14: TOTAL | W14: TOTAL
E15: Division 34 Transportation
M16: =J16*L16 -> 0 | S16: =N16*P16 -> 0 | Y16: =M16+S16 -> 0
M17: =J17*L17 -> 0 | S17: =N17*P17 -> 0 | Y17: =M17+S17 -> 0
M18: =J18*L18 -> 0 | S18: =N18*P18 -> 0 | Y18: =M18+S18 -> 0
M19: =J19*L19 -> 0 | S19: =N19*P19 -> 0 | Y19: =M19+S19 -> 0
M20: =J20*L20 -> 0 | S20: =N20*P20 -> 0 | Y20: =M20+S20 -> 0
M21: =J21*L21 -> 0 | S21: =N21*P21 -> 0 | Y21: =M21+S21 -> 0
M22: =J22*L22 -> 0 | S22: =N22*P22 -> 0 | Y22: =M22+S22 -> 0
M23: =J23*L23 -> 0 | S23: =N23*P23 -> 0 | Y23: =M23+S23 -> 0
M24: =J24*L24 -> 0 | S24: =N24*P24 -> 0 | Y24: =M24+S24 -> 0
M25: =J25*L25 -> 0 | S25: =N25*P25 -> 0 | Y25: =M25+S25 -> 0
M26: =J26*L26 -> 0 | S26: =N26*P26 -> 0 | Y26: =M26+S26 -> 0
M27: =J27*L27 -> 0 | S27: =N27*P27 -> 0 | Y27: =M27+S27 -> 0
M28: =J28*L28 -> 0 | S28: =N28*P28 -> 0 | Y28: =M28+S28 -> 0
E29: Adjustments: | J29: Local Market Conditions | M29: 0 | N29: Small Business Utilization | S29: 0 | Y29: =(SUM(Y16:Y28)*(M29+S29)) -> 0
E30: SECTION TOTAL: | Y30: =SUM(Y16:Y29) -> 0
